{"stats":{"minecraft:used":{"minecraft:stone_axe":5,"minecraft:sand":1,"minecraft:crafting_table":2,"minecraft:stone_shovel":1,"minecraft:stone_pickaxe":11,"minecraft:wooden_pickaxe":3},"minecraft:mined":{"minecraft:grass_block":1,"minecraft:oak_log":4,"minecraft:sand":1,"minecraft:dark_oak_leaves":1,"minecraft:stone":14,"minecraft:dark_oak_log":8,"minecraft:oak_leaves":2,"minecraft:crafting_table":2},"minecraft:crafted":{"minecraft:stone_sword":1,"minecraft:stone_shovel":1,"minecraft:dark_oak_planks":32,"minecraft:stone_axe":1,"minecraft:crafting_table":1,"minecraft:stick":16,"minecraft:wooden_pickaxe":1,"minecraft:stone_pickaxe":1},"minecraft:custom":{"minecraft:time_since_rest":5116,"minecraft:crouch_one_cm":1787,"minecraft:sprint_one_cm":6574,"minecraft:play_time":5116,"minecraft:walk_one_cm":6016,"minecraft:sneak_time":860,"minecraft:walk_under_water_one_cm":2532,"minecraft:jump":69,"minecraft:leave_game":1,"minecraft:walk_on_water_one_cm":2383,"minecraft:time_since_death":5116,"minecraft:total_world_time":5116,"minecraft:swim_one_cm":339,"minecraft:fall_one_cm":1254,"minecraft:interact_with_crafting_table":5,"minecraft:fly_one_cm":9354},"minecraft:picked_up":{"minecraft:crafting_table":2,"minecraft:oak_log":3,"minecraft:sand":1,"minecraft:dirt":1,"minecraft:dark_oak_log":8,"minecraft:cobblestone":14}},"DataVersion":3120}