{"stats":{"minecraft:killed":{"minecraft:pig":9,"minecraft:salmon":3,"minecraft:creeper":1,"minecraft:sheep":6,"minecraft:zombie":1,"minecraft:chicken":4,"minecraft:cow":3},"minecraft:custom":{"minecraft:mob_kills":27,"minecraft:interact_with_crafting_table":11,"minecraft:interact_with_campfire":8,"minecraft:leave_game":3,"minecraft:time_since_death":9343,"minecraft:sleep_in_bed":3,"minecraft:climb_one_cm":248,"minecraft:time_since_rest":1869,"minecraft:sprint_one_cm":148756,"minecraft:damage_taken":1055,"minecraft:walk_one_cm":148654,"minecraft:damage_dealt":2492,"minecraft:swim_one_cm":7298,"minecraft:fly_one_cm":134606,"minecraft:player_kills":1,"minecraft:open_chest":18,"minecraft:crouch_one_cm":6178,"minecraft:play_time":51563,"minecraft:deaths":4,"minecraft:sneak_time":2410,"minecraft:walk_under_water_one_cm":8387,"minecraft:boat_one_cm":360935,"minecraft:jump":852,"minecraft:walk_on_water_one_cm":8116,"minecraft:total_world_time":51563,"minecraft:fall_one_cm":23498},"minecraft:picked_up":{"minecraft:crafting_table":4,"minecraft:feather":6,"minecraft:chicken":4,"minecraft:suspicious_stew":1,"minecraft:salmon":3,"minecraft:leather":12,"minecraft:filled_map":1,"minecraft:oak_log":32,"jeg:scrap":32,"minecraft:brewing_stand":1,"minecraft:yellow_bed":4,"minecraft:cobblestone_stairs":1,"minecraft:dirt":155,"minecraft:cooked_mutton":7,"minecraft:wheat_seeds":6,"minecraft:beef":7,"minecraft:grindstone":1,"minecraft:stone_pickaxe":1,"minecraft:light_gray_wool":1,"minecraft:melon_slice":47,"minecraft:sugar_cane":29,"minecraft:chest":2,"jeg:tech_trash":6,"minecraft:furnace":2,"minecraft:stick":2,"minecraft:raw_iron":3,"minecraft:composter":1,"minecraft:torch":1,"minecraft:porkchop":20,"minecraft:sand":1,"minecraft:white_bed":3,"minecraft:dark_oak_log":8,"minecraft:stone_sword":1,"minecraft:rotten_flesh":21,"minecraft:stone_axe":1,"minecraft:hay_block":20,"minecraft:mutton":16,"minecraft:cobblestone":52,"minecraft:coal":46,"minecraft:white_wool":5},"minecraft:used":{"minecraft:cobblestone_stairs":1,"minecraft:stone_sword":8,"minecraft:stone_pickaxe":93,"minecraft:stone_shovel":135,"minecraft:chest":2,"minecraft:wooden_pickaxe":3,"minecraft:salmon":3,"minecraft:dirt":55,"minecraft:sand":1,"minecraft:crafting_table":5,"minecraft:campfire":1,"minecraft:white_bed":3,"minecraft:bread":2,"minecraft:melon_slice":11,"minecraft:stone_axe":70,"minecraft:furnace":2,"minecraft:yellow_bed":1},"minecraft:crafted":{"minecraft:oak_planks":8,"minecraft:stone_shovel":2,"minecraft:crafting_table":2,"minecraft:wooden_pickaxe":1,"minecraft:campfire":1,"minecraft:stone_axe":1,"minecraft:bread":60,"minecraft:melon_seeds":1,"minecraft:stick":24,"minecraft:stone_pickaxe":2,"minecraft:stone_sword":1,"minecraft:white_bed":1,"minecraft:dark_oak_planks":32,"minecraft:wheat":180},"minecraft:mined":{"minecraft:white_bed":2,"jeg:scrap_ore":10,"minecraft:dark_oak_leaves":1,"minecraft:jungle_slab":1,"minecraft:cobblestone_stairs":1,"minecraft:dark_oak_log":8,"minecraft:brewing_stand":1,"minecraft:crafting_table":3,"minecraft:grass_block":133,"minecraft:melon":10,"minecraft:chest":2,"minecraft:dead_bush":5,"minecraft:cobblestone":23,"minecraft:grindstone":1,"minecraft:composter":1,"minecraft:sugar_cane":15,"minecraft:hay_block":20,"minecraft:tall_seagrass":2,"minecraft:furnace":2,"minecraft:iron_ore":3,"minecraft:fire":6,"minecraft:yellow_bed":4,"minecraft:grass":8,"minecraft:oak_log":16,"minecraft:coal_ore":23,"minecraft:dirt":2,"minecraft:sand":1,"minecraft:stone":29,"minecraft:oak_leaves":3,"minecraft:fern":1}},"DataVersion":3120}