{"stats":{"minecraft:used":{"minecraft:stone_pickaxe":62,"minecraft:stone_shovel":4,"minecraft:wooden_pickaxe":3,"minecraft:stone_axe":17,"minecraft:dirt":1,"minecraft:sand":1,"minecraft:crafting_table":2},"minecraft:crafted":{"minecraft:stone_shovel":1,"minecraft:crafting_table":1,"minecraft:stick":16,"minecraft:wooden_pickaxe":1,"minecraft:stone_pickaxe":1,"minecraft:stone_sword":1,"minecraft:dark_oak_planks":32,"minecraft:stone_axe":1},"minecraft:mined":{"jeg:scrap_ore":10,"minecraft:dark_oak_leaves":1,"minecraft:iron_ore":3,"minecraft:dark_oak_log":8,"minecraft:crafting_table":2,"minecraft:grass":1,"minecraft:coal_ore":23,"minecraft:grass_block":3,"minecraft:oak_log":16,"minecraft:dirt":1,"minecraft:sand":1,"minecraft:stone":29,"minecraft:sugar_cane":7,"minecraft:oak_leaves":2},"minecraft:custom":{"minecraft:time_since_rest":16540,"minecraft:sprint_one_cm":46615,"minecraft:damage_taken":50,"minecraft:walk_one_cm":31770,"minecraft:swim_one_cm":339,"minecraft:interact_with_crafting_table":5,"minecraft:fly_one_cm":26894,"minecraft:crouch_one_cm":4829,"minecraft:play_time":16540,"minecraft:sneak_time":2053,"minecraft:walk_under_water_one_cm":2532,"minecraft:jump":242,"minecraft:leave_game":2,"minecraft:walk_on_water_one_cm":3571,"minecraft:time_since_death":16540,"minecraft:total_world_time":16540,"minecraft:fall_one_cm":5487},"minecraft:picked_up":{"minecraft:crafting_table":2,"minecraft:raw_iron":3,"minecraft:sand":1,"minecraft:oak_log":16,"jeg:scrap":16,"minecraft:dark_oak_log":8,"minecraft:dirt":4,"minecraft:sugar_cane":16,"minecraft:coal":23,"jeg:tech_trash":3,"minecraft:cobblestone":29}},"DataVersion":3120}