{"stats":{"minecraft:killed_by":{"minecraft:iron_golem":1},"minecraft:killed":{"minecraft:pig":9,"minecraft:salmon":3,"minecraft:iron_golem":1,"minecraft:creeper":1,"minecraft:skeleton":1,"minecraft:sheep":6,"minecraft:zombie":1,"minecraft:chicken":4,"minecraft:cow":5},"minecraft:custom":{"minecraft:mob_kills":31,"minecraft:interact_with_crafting_table":12,"minecraft:interact_with_campfire":8,"minecraft:bell_ring":120,"minecraft:leave_game":3,"minecraft:time_since_death":26721,"minecraft:sleep_in_bed":4,"minecraft:climb_one_cm":248,"minecraft:time_since_rest":10221,"minecraft:sprint_one_cm":206669,"minecraft:damage_taken":1553,"minecraft:walk_one_cm":185318,"minecraft:damage_dealt":3763,"minecraft:talked_to_villager":3,"minecraft:swim_one_cm":7298,"minecraft:fly_one_cm":260523,"minecraft:player_kills":1,"minecraft:open_chest":23,"minecraft:crouch_one_cm":6253,"minecraft:play_time":87563,"minecraft:deaths":5,"minecraft:sneak_time":3033,"minecraft:walk_under_water_one_cm":8387,"minecraft:boat_one_cm":360935,"minecraft:jump":1161,"minecraft:walk_on_water_one_cm":10551,"minecraft:total_world_time":87563,"minecraft:fall_one_cm":29652},"minecraft:picked_up":{"minecraft:crafting_table":4,"minecraft:feather":6,"minecraft:tripwire_hook":3,"minecraft:chicken":4,"minecraft:suspicious_stew":1,"minecraft:salmon":3,"minecraft:leather":24,"minecraft:potato":8,"minecraft:filled_map":2,"minecraft:oak_log":62,"jeg:scrap":32,"minecraft:brewing_stand":1,"minecraft:yellow_bed":7,"minecraft:cobblestone_stairs":1,"minecraft:string":7,"minecraft:dirt":199,"minecraft:cooked_mutton":14,"minecraft:bone":1,"minecraft:wheat_seeds":9,"minecraft:bell":5,"minecraft:iron_ingot":5,"minecraft:beef":17,"minecraft:grindstone":1,"minecraft:stone_pickaxe":3,"minecraft:light_gray_wool":1,"minecraft:melon_slice":47,"minecraft:sugar_cane":29,"minecraft:chest":2,"jeg:tech_trash":6,"minecraft:egg":2,"minecraft:furnace":2,"minecraft:stick":3,"minecraft:raw_iron":3,"minecraft:composter":3,"minecraft:oak_fence":6,"minecraft:torch":2,"minecraft:bowl":1,"minecraft:porkchop":35,"minecraft:sand":1,"minecraft:white_bed":5,"minecraft:dark_oak_log":8,"minecraft:stone_sword":2,"minecraft:arrow":2,"minecraft:rotten_flesh":21,"minecraft:stone_axe":1,"minecraft:hay_block":20,"minecraft:bread":58,"minecraft:mutton":16,"minecraft:cobblestone":71,"minecraft:coal":68,"minecraft:white_wool":5},"minecraft:broken":{"minecraft:stone_shovel":1},"minecraft:used":{"minecraft:oak_trapdoor":2,"minecraft:cooked_mutton":1,"minecraft:water_bucket":2,"minecraft:cobblestone_stairs":1,"minecraft:stone_sword":25,"minecraft:stone_pickaxe":97,"minecraft:stone_shovel":139,"minecraft:oak_planks":44,"minecraft:chest":2,"minecraft:wooden_pickaxe":3,"minecraft:bell":3,"minecraft:salmon":3,"minecraft:dirt":111,"minecraft:sand":1,"minecraft:crafting_table":5,"minecraft:campfire":1,"minecraft:white_bed":5,"minecraft:shears":3,"minecraft:lever":2,"minecraft:string":10,"minecraft:suspicious_stew":1,"minecraft:bread":2,"minecraft:melon_slice":11,"minecraft:tripwire_hook":3,"minecraft:stone_axe":96,"minecraft:cobblestone":61,"minecraft:furnace":2,"minecraft:yellow_bed":7,"minecraft:egg":2},"minecraft:crafted":{"minecraft:oak_planks":56,"minecraft:stone_shovel":3,"minecraft:crafting_table":2,"minecraft:wooden_pickaxe":1,"minecraft:campfire":1,"minecraft:stone_axe":2,"minecraft:bread":60,"minecraft:melon_seeds":1,"minecraft:stick":32,"minecraft:stone_pickaxe":2,"minecraft:stone_sword":1,"minecraft:white_bed":1,"minecraft:dark_oak_planks":32,"minecraft:wheat":180},"minecraft:mined":{"minecraft:white_bed":4,"jeg:scrap_ore":10,"minecraft:dark_oak_leaves":1,"minecraft:jungle_slab":1,"minecraft:cobblestone_stairs":1,"minecraft:dark_oak_log":8,"minecraft:brewing_stand":1,"minecraft:oak_fence":3,"minecraft:crafting_table":3,"minecraft:grass_block":141,"minecraft:melon":10,"minecraft:chest":2,"minecraft:dead_bush":5,"minecraft:cobblestone":23,"minecraft:grindstone":1,"minecraft:composter":3,"minecraft:sugar_cane":15,"minecraft:hay_block":20,"minecraft:tall_seagrass":2,"minecraft:furnace":2,"minecraft:iron_ore":3,"minecraft:fire":6,"minecraft:yellow_bed":7,"minecraft:bell":4,"minecraft:grass":9,"minecraft:potatoes":1,"minecraft:oak_log":31,"minecraft:coal_ore":23,"minecraft:dirt":7,"minecraft:sand":1,"minecraft:tripwire_hook":3,"minecraft:stone":29,"minecraft:tripwire":4,"minecraft:oak_leaves":3,"minecraft:fern":1}},"DataVersion":3120}