{"stats":{"minecraft:killed":{"minecraft:pig":3,"minecraft:salmon":3,"minecraft:creeper":1,"minecraft:sheep":6,"minecraft:zombie":1,"minecraft:chicken":4,"minecraft:cow":3},"minecraft:used":{"minecraft:stone_sword":8,"minecraft:stone_shovel":8,"minecraft:stone_pickaxe":62,"minecraft:wooden_pickaxe":3,"minecraft:salmon":3,"minecraft:dirt":2,"minecraft:sand":1,"minecraft:crafting_table":3,"minecraft:white_bed":3,"minecraft:melon_slice":11,"minecraft:stone_axe":54},"minecraft:crafted":{"minecraft:stone_shovel":1,"minecraft:crafting_table":1,"minecraft:wooden_pickaxe":1,"minecraft:stone_axe":1,"minecraft:melon_seeds":1,"minecraft:stick":16,"minecraft:stone_pickaxe":1,"minecraft:stone_sword":1,"minecraft:white_bed":1,"minecraft:dark_oak_planks":32},"minecraft:mined":{"minecraft:white_bed":2,"jeg:scrap_ore":10,"minecraft:dark_oak_leaves":1,"minecraft:jungle_slab":1,"minecraft:dark_oak_log":8,"minecraft:crafting_table":3,"minecraft:grass_block":7,"minecraft:melon":10,"minecraft:dead_bush":5,"minecraft:sugar_cane":15,"minecraft:tall_seagrass":2,"minecraft:iron_ore":3,"minecraft:fire":6,"minecraft:grass":4,"minecraft:oak_log":16,"minecraft:coal_ore":23,"minecraft:sand":1,"minecraft:dirt":1,"minecraft:stone":29,"minecraft:oak_leaves":3,"minecraft:fern":1},"minecraft:custom":{"minecraft:mob_kills":21,"minecraft:interact_with_crafting_table":6,"minecraft:leave_game":2,"minecraft:time_since_death":40540,"minecraft:sleep_in_bed":2,"minecraft:climb_one_cm":248,"minecraft:time_since_rest":3150,"minecraft:sprint_one_cm":116553,"minecraft:damage_taken":75,"minecraft:walk_one_cm":100716,"minecraft:damage_dealt":1832,"minecraft:swim_one_cm":7298,"minecraft:fly_one_cm":113876,"minecraft:open_chest":9,"minecraft:crouch_one_cm":5371,"minecraft:play_time":40540,"minecraft:sneak_time":2226,"minecraft:walk_under_water_one_cm":8387,"minecraft:boat_one_cm":360935,"minecraft:jump":709,"minecraft:walk_on_water_one_cm":8116,"minecraft:total_world_time":40540,"minecraft:fall_one_cm":16895},"minecraft:picked_up":{"minecraft:crafting_table":3,"minecraft:feather":6,"minecraft:chicken":4,"minecraft:salmon":3,"minecraft:leather":6,"minecraft:oak_log":16,"jeg:scrap":16,"minecraft:dirt":28,"minecraft:wheat_seeds":2,"minecraft:beef":7,"minecraft:light_gray_wool":1,"minecraft:melon_slice":47,"minecraft:sugar_cane":29,"jeg:tech_trash":3,"minecraft:stick":2,"minecraft:raw_iron":3,"minecraft:porkchop":5,"minecraft:sand":1,"minecraft:white_bed":3,"minecraft:dark_oak_log":8,"minecraft:rotten_flesh":2,"minecraft:mutton":8,"minecraft:coal":23,"minecraft:white_wool":5,"minecraft:cobblestone":29}},"DataVersion":3120}