{"stats":{"minecraft:killed_by":{"minecraft:iron_golem":1},"minecraft:killed":{"minecraft:skeleton":1,"minecraft:chicken":4,"minecraft:pig":12,"minecraft:salmon":3,"minecraft:iron_golem":1,"minecraft:creeper":1,"minecraft:sheep":6,"minecraft:zombie":1,"minecraft:cow":6},"minecraft:custom":{"minecraft:mob_kills":35,"minecraft:interact_with_crafting_table":17,"minecraft:interact_with_campfire":31,"minecraft:bell_ring":139,"minecraft:leave_game":3,"minecraft:time_since_death":38721,"minecraft:climb_one_cm":248,"minecraft:sprint_one_cm":237889,"minecraft:walk_one_cm":223798,"minecraft:drop":1,"minecraft:talked_to_villager":4,"minecraft:play_time":99563,"minecraft:deaths":5,"minecraft:sneak_time":3962,"minecraft:walk_under_water_one_cm":12957,"minecraft:boat_one_cm":360935,"minecraft:jump":1397,"minecraft:walk_on_water_one_cm":12581,"minecraft:total_world_time":99563,"minecraft:interact_with_furnace":1,"minecraft:traded_with_villager":5,"minecraft:sleep_in_bed":5,"minecraft:time_since_rest":9547,"minecraft:damage_taken":1603,"minecraft:damage_dealt":4163,"minecraft:swim_one_cm":9552,"minecraft:fly_one_cm":311300,"minecraft:player_kills":1,"minecraft:open_chest":31,"minecraft:crouch_one_cm":6760,"minecraft:fall_one_cm":36728},"minecraft:picked_up":{"minecraft:crafting_table":4,"minecraft:chicken":4,"minecraft:suspicious_stew":1,"minecraft:brewing_stand":1,"minecraft:string":7,"minecraft:beef":19,"minecraft:light_gray_wool":1,"minecraft:melon_slice":47,"minecraft:sugar_cane":29,"minecraft:chest":2,"minecraft:furnace":2,"minecraft:egg":2,"minecraft:raw_iron":3,"minecraft:stick":5,"minecraft:composter":3,"minecraft:oak_fence":6,"minecraft:torch":2,"minecraft:bowl":1,"minecraft:porkchop":44,"minecraft:stone_sword":2,"minecraft:arrow":2,"minecraft:rotten_flesh":21,"minecraft:hay_block":20,"minecraft:mutton":16,"minecraft:white_wool":5,"minecraft:cobblestone":71,"minecraft:birch_log":5,"minecraft:feather":6,"minecraft:cooked_beef":7,"minecraft:tripwire_hook":3,"minecraft:salmon":3,"minecraft:leather":24,"minecraft:potato":8,"minecraft:filled_map":2,"minecraft:flint":6,"minecraft:oak_log":100,"minecraft:yellow_bed":7,"jeg:scrap":32,"minecraft:cobblestone_stairs":1,"minecraft:dirt":201,"minecraft:cooked_mutton":14,"minecraft:bone":1,"minecraft:wheat_seeds":10,"minecraft:bell":6,"minecraft:stone_pickaxe":3,"minecraft:grindstone":1,"minecraft:iron_ingot":5,"minecraft:fletching_table":2,"jeg:tech_trash":6,"minecraft:cooked_porkchop":12,"minecraft:gravel":70,"minecraft:sand":1,"minecraft:white_bed":5,"minecraft:spruce_log":2,"minecraft:dark_oak_log":8,"minecraft:stone_axe":1,"minecraft:bread":58,"minecraft:oak_sapling":3,"minecraft:coal":68},"minecraft:broken":{"minecraft:stone_shovel":1},"minecraft:used":{"minecraft:oak_trapdoor":2,"minecraft:stone_sword":25,"minecraft:stone_shovel":218,"minecraft:chest":2,"minecraft:bell":4,"minecraft:torch":1,"minecraft:dirt":129,"minecraft:tripwire_hook":3,"minecraft:furnace":2,"minecraft:egg":2,"minecraft:cooked_mutton":4,"minecraft:water_bucket":2,"minecraft:cobblestone_stairs":1,"minecraft:stone_pickaxe":98,"minecraft:oak_planks":44,"minecraft:wooden_pickaxe":3,"minecraft:fletching_table":5,"minecraft:salmon":3,"minecraft:sand":1,"minecraft:crafting_table":5,"minecraft:white_bed":5,"minecraft:campfire":1,"minecraft:shears":3,"minecraft:lever":2,"minecraft:melon_slice":11,"minecraft:bread":2,"minecraft:string":10,"minecraft:suspicious_stew":1,"minecraft:spruce_sapling":4,"minecraft:gravel":55,"minecraft:stone_axe":150,"minecraft:cobblestone":61,"minecraft:yellow_bed":7,"minecraft:bone_meal":3},"minecraft:crafted":{"minecraft:oak_planks":132,"minecraft:stone_shovel":3,"minecraft:bone_meal":3,"minecraft:melon_seeds":1,"minecraft:stone_pickaxe":2,"minecraft:dark_oak_planks":32,"minecraft:wheat":180,"minecraft:emerald":5,"minecraft:crafting_table":2,"minecraft:spruce_planks":8,"minecraft:wooden_pickaxe":1,"minecraft:fletching_table":3,"minecraft:birch_planks":20,"minecraft:campfire":1,"minecraft:stone_axe":3,"minecraft:bread":60,"minecraft:air":0,"minecraft:shield":1,"minecraft:stick":200,"minecraft:stone_sword":1,"minecraft:white_bed":1},"minecraft:mined":{"minecraft:white_bed":4,"minecraft:dark_oak_leaves":1,"minecraft:jungle_slab":1,"minecraft:cobblestone_stairs":1,"minecraft:dark_oak_log":8,"minecraft:brewing_stand":1,"minecraft:grass_block":141,"minecraft:composter":3,"minecraft:hay_block":20,"minecraft:tall_seagrass":2,"minecraft:furnace":2,"minecraft:iron_ore":3,"minecraft:fire":6,"minecraft:fletching_table":2,"minecraft:bell":5,"minecraft:potatoes":1,"minecraft:stone":29,"minecraft:tripwire":4,"jeg:scrap_ore":10,"minecraft:oak_fence":3,"minecraft:crafting_table":3,"minecraft:melon":10,"minecraft:chest":2,"minecraft:dead_bush":5,"minecraft:cobblestone":23,"minecraft:grindstone":1,"minecraft:sugar_cane":15,"minecraft:birch_log":6,"minecraft:spruce_log":2,"minecraft:yellow_bed":7,"minecraft:grass":16,"minecraft:coal_ore":23,"minecraft:oak_log":69,"minecraft:gravel":78,"minecraft:sand":1,"minecraft:dirt":9,"minecraft:tripwire_hook":3,"minecraft:oak_leaves":22,"minecraft:fern":1},"minecraft:dropped":{"minecraft:oak_sapling":1}},"DataVersion":3120}