{"stats":{"minecraft:used":{"minecraft:stone_sword":7,"minecraft:melon_slice":8,"minecraft:stone_pickaxe":62,"minecraft:stone_shovel":8,"minecraft:wooden_pickaxe":3,"minecraft:salmon":3,"minecraft:stone_axe":53,"minecraft:dirt":2,"minecraft:sand":1,"minecraft:crafting_table":3,"minecraft:white_bed":1},"minecraft:killed":{"minecraft:sheep":6,"minecraft:zombie":1,"minecraft:pig":3,"minecraft:chicken":4,"minecraft:salmon":3,"minecraft:cow":3},"minecraft:crafted":{"minecraft:stone_shovel":1,"minecraft:crafting_table":1,"minecraft:melon_seeds":1,"minecraft:stick":16,"minecraft:wooden_pickaxe":1,"minecraft:stone_pickaxe":1,"minecraft:stone_sword":1,"minecraft:white_bed":1,"minecraft:dark_oak_planks":32,"minecraft:stone_axe":1},"minecraft:mined":{"minecraft:tall_seagrass":2,"minecraft:white_bed":1,"jeg:scrap_ore":10,"minecraft:dark_oak_leaves":1,"minecraft:iron_ore":3,"minecraft:fire":6,"minecraft:dark_oak_log":8,"minecraft:crafting_table":3,"minecraft:grass":4,"minecraft:coal_ore":23,"minecraft:grass_block":7,"minecraft:oak_log":16,"minecraft:melon":10,"minecraft:dead_bush":5,"minecraft:dirt":1,"minecraft:sand":1,"minecraft:stone":29,"minecraft:sugar_cane":15,"minecraft:oak_leaves":3,"minecraft:fern":1},"minecraft:custom":{"minecraft:time_since_rest":4774,"minecraft:sprint_one_cm":94125,"minecraft:damage_taken":75,"minecraft:walk_one_cm":90371,"minecraft:mob_kills":21,"minecraft:damage_dealt":1798,"minecraft:swim_one_cm":4817,"minecraft:interact_with_crafting_table":6,"minecraft:fly_one_cm":107501,"minecraft:crouch_one_cm":5187,"minecraft:play_time":28540,"minecraft:sneak_time":2149,"minecraft:walk_under_water_one_cm":5896,"minecraft:boat_one_cm":53038,"minecraft:jump":645,"minecraft:leave_game":2,"minecraft:walk_on_water_one_cm":6573,"minecraft:time_since_death":28540,"minecraft:sleep_in_bed":1,"minecraft:climb_one_cm":248,"minecraft:total_world_time":28540,"minecraft:fall_one_cm":16419},"minecraft:picked_up":{"minecraft:stick":2,"minecraft:crafting_table":3,"minecraft:raw_iron":3,"minecraft:feather":6,"minecraft:chicken":4,"minecraft:salmon":3,"minecraft:leather":6,"minecraft:porkchop":5,"minecraft:sand":1,"minecraft:oak_log":16,"jeg:scrap":16,"minecraft:white_bed":1,"minecraft:dark_oak_log":8,"minecraft:dirt":28,"minecraft:rotten_flesh":2,"minecraft:wheat_seeds":2,"minecraft:beef":7,"minecraft:light_gray_wool":1,"minecraft:melon_slice":47,"minecraft:sugar_cane":29,"minecraft:mutton":8,"minecraft:coal":23,"jeg:tech_trash":3,"minecraft:white_wool":5,"minecraft:cobblestone":29}},"DataVersion":3120}