{"stats":{"minecraft:broken":{"minecraft:stone_axe":1},"minecraft:killed_by":{"minecraft:skeleton":4,"minecraft:spider":1,"minecraft:zombie":1,"cave_dweller:cave_dweller":8,"mimicer:mimicer":6},"minecraft:picked_up":{"minecraft:fishing_rod":18,"minecraft:crafting_table":14,"minecraft:feather":22,"minecraft:chicken":13,"minecraft:andesite":1,"minecraft:salmon":14,"minecraft:wooden_pickaxe":21,"minecraft:potato":3,"minecraft:flint":52,"jeg:scrap":395,"minecraft:shield":1,"minecraft:gunpowder":10,"minecraft:string":11,"minecraft:dirt":13,"minecraft:red_bed":2,"minecraft:raw_copper":62,"minecraft:wooden_sword":13,"minecraft:flint_and_steel":14,"minecraft:white_carpet":90,"minecraft:bone":20,"minecraft:spruce_planks":453,"minecraft:rabbit_hide":3,"minecraft:stone_pickaxe":6,"minecraft:iron_nugget":66,"minecraft:sugar_cane":32,"jeg:tech_trash":87,"minecraft:furnace":2,"minecraft:stick":37,"minecraft:raw_iron":47,"minecraft:cooked_porkchop":1,"minecraft:sweet_berries":90,"minecraft:gravel":2,"minecraft:porkchop":11,"minecraft:spruce_sapling":4,"minecraft:diorite":45,"minecraft:spruce_log":12,"minecraft:spider_eye":16,"jeg:handmade_shell":15,"jeg:scrap_block":1,"jeg:healing_talisman":27,"minecraft:rotten_flesh":125,"minecraft:stone_sword":16,"minecraft:arrow":77,"minecraft:stone_shovel":1,"minecraft:stone_axe":11,"minecraft:granite":1,"minecraft:golden_apple":2,"minecraft:mutton":20,"minecraft:obsidian":30,"minecraft:coal":54,"minecraft:white_wool":15,"minecraft:cobblestone":838},"minecraft:used":{"minecraft:diorite":5,"minecraft:stone_sword":79,"minecraft:flint_and_steel":3,"minecraft:stone_pickaxe":126,"minecraft:spruce_planks":5,"minecraft:shield":3,"minecraft:wooden_pickaxe":46,"minecraft:rotten_flesh":20,"minecraft:salmon":2,"minecraft:dirt":11,"minecraft:crafting_table":4,"minecraft:red_bed":2,"jeg:healing_talisman":5,"minecraft:gravel":2,"jeg:scrap_workbench":1,"minecraft:wooden_sword":45,"minecraft:stone_axe":70,"minecraft:fishing_rod":10,"minecraft:fire_charge":1,"minecraft:cobblestone":33,"minecraft:sweet_berries":22,"minecraft:porkchop":1,"minecraft:furnace":2,"minecraft:cooked_porkchop":1,"minecraft:andesite":1,"minecraft:potato":3},"minecraft:crafted":{"minecraft:wooden_sword":1,"minecraft:fishing_rod":1,"minecraft:crafting_table":1,"minecraft:spruce_planks":48,"minecraft:stone_axe":1,"jeg:scrap_block":1,"minecraft:shield":1,"jeg:scrap_workbench":1,"minecraft:stick":12,"minecraft:iron_ingot":1,"minecraft:stone_pickaxe":2,"minecraft:stone_sword":1,"minecraft:white_bed":1},"minecraft:killed":{"jeg:ghoul":7,"minecraft:pig":1,"minecraft:salmon":2,"minecraft:rabbit":1,"minecraft:spider":4,"minecraft:bat":1,"minecraft:creeper":4,"minecraft:sheep":3,"minecraft:skeleton":7,"minecraft:zombie":25,"minecraft:chicken":1},"minecraft:dropped":{"minecraft:stone_axe":1,"minecraft:stone_sword":1,"minecraft:crafting_table":1,"minecraft:stone_shovel":1,"minecraft:granite":1,"minecraft:white_bed":1,"minecraft:golden_apple":3,"minecraft:gunpowder":2,"minecraft:stone_pickaxe":1,"jeg:handmade_shell":5,"minecraft:spruce_sapling":4,"minecraft:bone":1},"minecraft:mined":{"jeg:scrap_ore":40,"minecraft:crafting_table":1,"minecraft:grass_block":2,"minecraft:copper_ore":9,"minecraft:cobblestone":8,"minecraft:spruce_leaves":6,"minecraft:sugar_cane":1,"minecraft:diorite":11,"minecraft:furnace":1,"minecraft:iron_ore":7,"minecraft:fire":1,"minecraft:sweet_berry_bush":8,"minecraft:spruce_log":12,"minecraft:andesite":1,"minecraft:coal_ore":21,"minecraft:dirt":10,"minecraft:gravel":2,"minecraft:stone":70},"minecraft:custom":{"minecraft:interact_with_furnace":16,"minecraft:mob_kills":60,"minecraft:interact_with_crafting_table":26,"minecraft:time_since_death":1896,"minecraft:sleep_in_bed":1,"minecraft:time_since_rest":1927,"minecraft:sprint_one_cm":273999,"minecraft:damage_taken":5888,"minecraft:walk_one_cm":208375,"minecraft:damage_blocked_by_shield":90,"minecraft:drop":14,"minecraft:damage_dealt":11309,"minecraft:swim_one_cm":33475,"minecraft:fly_one_cm":266205,"minecraft:open_chest":2,"minecraft:crouch_one_cm":32310,"minecraft:deaths":20,"minecraft:play_time":98908,"minecraft:sneak_time":11876,"minecraft:walk_under_water_one_cm":12021,"minecraft:boat_one_cm":460010,"minecraft:jump":1519,"minecraft:walk_on_water_one_cm":33840,"minecraft:total_world_time":98908,"minecraft:fall_one_cm":33026}},"DataVersion":3120}