{"stats":{"minecraft:picked_up":{"minecraft:raw_iron":2,"minecraft:stick":5,"minecraft:crafting_table":2,"minecraft:cooked_porkchop":1,"minecraft:wooden_pickaxe":2,"minecraft:gravel":2,"minecraft:spruce_sapling":4,"minecraft:diorite":9,"minecraft:spruce_log":12,"minecraft:gunpowder":2,"minecraft:dirt":11,"minecraft:white_carpet":6,"minecraft:stone_sword":1,"minecraft:bone":1,"minecraft:arrow":3,"minecraft:stone_shovel":1,"minecraft:stone_axe":1,"minecraft:rabbit_hide":1,"minecraft:spruce_planks":6,"minecraft:granite":1,"minecraft:stone_pickaxe":1,"minecraft:golden_apple":2,"minecraft:sugar_cane":2,"minecraft:coal":11,"minecraft:cobblestone":60,"minecraft:furnace":1},"minecraft:used":{"minecraft:diorite":5,"minecraft:stone_sword":7,"minecraft:stone_pickaxe":14,"minecraft:wooden_pickaxe":43,"minecraft:gravel":2,"minecraft:stone_axe":16,"minecraft:fire_charge":1,"minecraft:dirt":11,"minecraft:cobblestone":23,"minecraft:crafting_table":1,"minecraft:cooked_porkchop":1},"minecraft:crafted":{"minecraft:wooden_sword":1,"minecraft:shield":1,"minecraft:crafting_table":1,"minecraft:stick":8,"minecraft:spruce_planks":48,"minecraft:iron_ingot":1,"minecraft:stone_pickaxe":1,"minecraft:stone_sword":1,"minecraft:stone_axe":1},"minecraft:killed":{"minecraft:skeleton":1,"minecraft:zombie":2,"minecraft:rabbit":1,"minecraft:creeper":2},"minecraft:dropped":{"minecraft:stone_axe":1,"minecraft:gunpowder":2,"minecraft:stone_sword":1,"minecraft:crafting_table":1,"minecraft:stone_shovel":1,"minecraft:granite":1,"minecraft:stone_pickaxe":1,"minecraft:golden_apple":2,"minecraft:spruce_sapling":4,"minecraft:bone":1},"minecraft:mined":{"minecraft:furnace":1,"minecraft:iron_ore":2,"minecraft:fire":1,"minecraft:spruce_log":12,"minecraft:crafting_table":1,"minecraft:grass_block":2,"minecraft:gravel":2,"minecraft:dirt":10,"minecraft:cobblestone":8,"minecraft:spruce_leaves":6,"minecraft:stone":34,"minecraft:sugar_cane":1,"minecraft:diorite":11},"minecraft:custom":{"minecraft:time_since_rest":8206,"minecraft:interact_with_furnace":5,"minecraft:sprint_one_cm":54525,"minecraft:damage_taken":158,"minecraft:walk_one_cm":59680,"minecraft:mob_kills":6,"minecraft:drop":11,"minecraft:damage_dealt":980,"minecraft:swim_one_cm":1360,"minecraft:interact_with_crafting_table":10,"minecraft:fly_one_cm":85996,"minecraft:open_chest":2,"minecraft:crouch_one_cm":11523,"minecraft:play_time":26908,"minecraft:sneak_time":4194,"minecraft:walk_under_water_one_cm":2601,"minecraft:boat_one_cm":150729,"minecraft:jump":401,"minecraft:walk_on_water_one_cm":377,"minecraft:time_since_death":26908,"minecraft:sleep_in_bed":1,"minecraft:total_world_time":26908,"minecraft:fall_one_cm":8865}},"DataVersion":3120}