{"stats":{"minecraft:broken":{"minecraft:stone_axe":1},"minecraft:killed_by":{"minecraft:skeleton":4,"minecraft:spider":1,"minecraft:zombie":1,"cave_dweller:cave_dweller":9,"mimicer:mimicer":10},"minecraft:picked_up":{"minecraft:birch_log":12,"minecraft:fishing_rod":22,"minecraft:crafting_table":18,"minecraft:feather":22,"minecraft:chicken":16,"minecraft:andesite":1,"minecraft:salmon":14,"minecraft:wooden_pickaxe":25,"minecraft:potato":3,"minecraft:flint":64,"jeg:scrap_workbench":5,"jeg:scrap":440,"minecraft:shield":1,"minecraft:gunpowder":26,"minecraft:string":11,"minecraft:dirt":18,"minecraft:red_bed":3,"minecraft:raw_copper":155,"minecraft:wooden_sword":16,"minecraft:flint_and_steel":14,"minecraft:white_carpet":102,"minecraft:bone":41,"minecraft:rabbit_hide":3,"minecraft:spruce_planks":543,"minecraft:stone_pickaxe":9,"minecraft:iron_nugget":84,"minecraft:sugar_cane":38,"jeg:tech_trash":117,"minecraft:furnace":2,"minecraft:stick":37,"minecraft:raw_iron":47,"minecraft:cooked_porkchop":12,"minecraft:sweet_berries":94,"minecraft:gravel":6,"minecraft:porkchop":11,"minecraft:sand":4,"minecraft:spruce_sapling":4,"minecraft:diorite":45,"minecraft:spruce_log":12,"minecraft:spider_eye":22,"jeg:handmade_shell":30,"jeg:scrap_block":1,"minecraft:stone_sword":19,"jeg:healing_talisman":38,"minecraft:arrow":125,"minecraft:stone_shovel":5,"minecraft:rotten_flesh":142,"minecraft:stone_axe":14,"minecraft:granite":1,"minecraft:golden_apple":2,"minecraft:obsidian":36,"minecraft:mutton":20,"minecraft:coal":114,"minecraft:white_wool":15,"minecraft:cobblestone":925},"minecraft:used":{"minecraft:diorite":5,"minecraft:stone_sword":95,"minecraft:flint_and_steel":3,"minecraft:stone_pickaxe":128,"minecraft:spruce_planks":12,"minecraft:wooden_pickaxe":46,"minecraft:shield":3,"minecraft:rotten_flesh":20,"minecraft:salmon":2,"minecraft:dirt":11,"minecraft:crafting_table":4,"minecraft:red_bed":3,"jeg:healing_talisman":5,"minecraft:gravel":2,"minecraft:fishing_rod":10,"minecraft:fire_charge":1,"jeg:scrap_workbench":1,"minecraft:stone_axe":91,"minecraft:wooden_sword":45,"minecraft:cobblestone":63,"minecraft:sweet_berries":24,"minecraft:porkchop":1,"minecraft:furnace":2,"minecraft:cooked_porkchop":4,"minecraft:andesite":1,"minecraft:potato":3},"minecraft:crafted":{"minecraft:wooden_sword":1,"minecraft:fishing_rod":1,"minecraft:crafting_table":1,"minecraft:spruce_planks":48,"minecraft:stone_axe":2,"jeg:scrap_block":1,"minecraft:shield":1,"jeg:scrap_workbench":1,"minecraft:stick":12,"minecraft:iron_ingot":1,"minecraft:stone_pickaxe":2,"minecraft:stone_sword":1,"minecraft:white_bed":1},"minecraft:killed":{"jeg:ghoul":8,"minecraft:pig":1,"minecraft:salmon":2,"minecraft:rabbit":1,"minecraft:spider":4,"minecraft:bat":1,"minecraft:creeper":4,"minecraft:skeleton":7,"minecraft:sheep":3,"minecraft:zombie":30,"minecraft:chicken":1},"minecraft:dropped":{"minecraft:stone_axe":1,"minecraft:stone_sword":1,"minecraft:crafting_table":1,"minecraft:cooked_porkchop":8,"minecraft:stone_shovel":1,"minecraft:granite":1,"minecraft:white_bed":1,"minecraft:golden_apple":3,"minecraft:gunpowder":2,"minecraft:stone_pickaxe":1,"jeg:handmade_shell":5,"minecraft:spruce_sapling":4,"minecraft:bone":1},"minecraft:mined":{"minecraft:spruce_planks":11,"jeg:scrap_ore":40,"minecraft:red_bed":1,"minecraft:crafting_table":2,"minecraft:grass_block":2,"minecraft:copper_ore":9,"minecraft:cobblestone":10,"minecraft:spruce_leaves":6,"minecraft:sugar_cane":1,"minecraft:diorite":11,"jeg:scrap_workbench":1,"minecraft:furnace":1,"minecraft:birch_log":3,"minecraft:iron_ore":7,"minecraft:fire":1,"minecraft:sweet_berry_bush":8,"minecraft:spruce_log":12,"minecraft:birch_leaves":1,"minecraft:andesite":1,"minecraft:coal_ore":21,"minecraft:sand":1,"minecraft:gravel":3,"minecraft:dirt":10,"minecraft:stone":70,"minecraft:oak_leaves":1},"minecraft:custom":{"minecraft:interact_with_furnace":16,"minecraft:mob_kills":67,"minecraft:interact_with_crafting_table":27,"minecraft:leave_game":1,"minecraft:time_since_death":8059,"minecraft:sleep_in_bed":2,"minecraft:time_since_rest":8603,"minecraft:sprint_one_cm":329740,"minecraft:damage_taken":7598,"minecraft:walk_one_cm":232189,"minecraft:damage_blocked_by_shield":90,"minecraft:drop":19,"minecraft:damage_dealt":12506,"minecraft:swim_one_cm":67242,"minecraft:fly_one_cm":408067,"minecraft:open_chest":2,"minecraft:play_time":122579,"minecraft:crouch_one_cm":34650,"minecraft:sneak_time":13594,"minecraft:deaths":25,"minecraft:walk_under_water_one_cm":20189,"minecraft:boat_one_cm":460010,"minecraft:jump":1895,"minecraft:walk_on_water_one_cm":81858,"minecraft:total_world_time":122579,"minecraft:fall_one_cm":45375}},"DataVersion":3120}