{"stats":{"minecraft:killed_by":{"minecraft:spider":1,"cave_dweller:cave_dweller":5,"mimicer:mimicer":2},"minecraft:picked_up":{"minecraft:fishing_rod":9,"minecraft:crafting_table":12,"minecraft:feather":10,"minecraft:chicken":4,"minecraft:salmon":14,"minecraft:wooden_pickaxe":12,"minecraft:potato":1,"minecraft:flint":20,"jeg:scrap":160,"minecraft:shield":1,"minecraft:gunpowder":2,"minecraft:string":6,"minecraft:dirt":11,"minecraft:red_bed":2,"minecraft:wooden_sword":5,"minecraft:flint_and_steel":6,"minecraft:white_carpet":36,"minecraft:bone":1,"minecraft:spruce_planks":196,"minecraft:rabbit_hide":3,"minecraft:stone_pickaxe":2,"minecraft:iron_nugget":24,"minecraft:sugar_cane":16,"jeg:tech_trash":36,"minecraft:furnace":2,"minecraft:stick":17,"minecraft:raw_iron":21,"minecraft:cooked_porkchop":1,"minecraft:sweet_berries":52,"minecraft:gravel":2,"minecraft:porkchop":5,"minecraft:spruce_sapling":4,"minecraft:diorite":29,"minecraft:spruce_log":12,"minecraft:spider_eye":5,"jeg:healing_talisman":15,"minecraft:rotten_flesh":28,"minecraft:stone_sword":7,"minecraft:arrow":18,"minecraft:stone_shovel":1,"minecraft:stone_axe":6,"minecraft:granite":1,"minecraft:golden_apple":2,"minecraft:mutton":20,"minecraft:obsidian":12,"minecraft:coal":20,"minecraft:white_wool":15,"minecraft:cobblestone":379},"minecraft:used":{"minecraft:diorite":5,"minecraft:stone_sword":18,"minecraft:stone_pickaxe":68,"minecraft:shield":3,"minecraft:wooden_pickaxe":43,"minecraft:rotten_flesh":2,"minecraft:dirt":11,"minecraft:crafting_table":3,"minecraft:red_bed":2,"minecraft:gravel":2,"minecraft:stone_axe":69,"minecraft:fishing_rod":10,"minecraft:fire_charge":1,"minecraft:cobblestone":23,"minecraft:sweet_berries":14,"minecraft:furnace":2,"minecraft:cooked_porkchop":1},"minecraft:crafted":{"minecraft:wooden_sword":1,"minecraft:fishing_rod":1,"minecraft:crafting_table":1,"minecraft:spruce_planks":48,"minecraft:stone_axe":1,"minecraft:shield":1,"minecraft:stick":8,"minecraft:iron_ingot":1,"minecraft:stone_pickaxe":1,"minecraft:stone_sword":1},"minecraft:killed":{"jeg:ghoul":3,"minecraft:pig":1,"minecraft:salmon":2,"minecraft:rabbit":1,"minecraft:spider":3,"minecraft:creeper":2,"minecraft:sheep":3,"minecraft:skeleton":3,"minecraft:zombie":9,"minecraft:chicken":1},"minecraft:dropped":{"minecraft:stone_axe":1,"minecraft:stone_sword":1,"minecraft:crafting_table":1,"minecraft:stone_shovel":1,"minecraft:granite":1,"minecraft:golden_apple":3,"minecraft:gunpowder":2,"minecraft:stone_pickaxe":1,"minecraft:spruce_sapling":4,"minecraft:bone":1},"minecraft:mined":{"jeg:scrap_ore":18,"minecraft:crafting_table":1,"minecraft:grass_block":2,"minecraft:cobblestone":8,"minecraft:spruce_leaves":6,"minecraft:sugar_cane":1,"minecraft:diorite":11,"minecraft:furnace":1,"minecraft:iron_ore":3,"minecraft:fire":1,"minecraft:sweet_berry_bush":8,"minecraft:spruce_log":12,"minecraft:coal_ore":2,"minecraft:dirt":10,"minecraft:gravel":2,"minecraft:stone":64},"minecraft:custom":{"minecraft:interact_with_furnace":11,"minecraft:mob_kills":32,"minecraft:interact_with_crafting_table":13,"minecraft:time_since_death":459,"minecraft:sleep_in_bed":1,"minecraft:time_since_rest":511,"minecraft:sprint_one_cm":126187,"minecraft:damage_taken":2423,"minecraft:walk_one_cm":119398,"minecraft:damage_blocked_by_shield":90,"minecraft:drop":12,"minecraft:damage_dealt":5613,"minecraft:swim_one_cm":33475,"minecraft:fly_one_cm":132366,"minecraft:open_chest":2,"minecraft:crouch_one_cm":23863,"minecraft:deaths":8,"minecraft:play_time":62908,"minecraft:sneak_time":8538,"minecraft:walk_under_water_one_cm":9955,"minecraft:boat_one_cm":460010,"minecraft:jump":759,"minecraft:walk_on_water_one_cm":29215,"minecraft:total_world_time":62908,"minecraft:fall_one_cm":15275}},"DataVersion":3120}