{"stats":{"minecraft:broken":{"minecraft:stone_axe":1},"minecraft:killed_by":{"minecraft:skeleton":4,"minecraft:spider":1,"cave_dweller:cave_dweller":8,"mimicer:mimicer":6},"minecraft:picked_up":{"minecraft:fishing_rod":18,"minecraft:crafting_table":14,"minecraft:feather":22,"minecraft:chicken":12,"minecraft:andesite":1,"minecraft:salmon":14,"minecraft:wooden_pickaxe":20,"minecraft:potato":3,"minecraft:flint":48,"jeg:scrap":348,"minecraft:shield":1,"minecraft:gunpowder":4,"minecraft:string":11,"minecraft:dirt":12,"minecraft:red_bed":2,"minecraft:wooden_sword":12,"minecraft:flint_and_steel":13,"minecraft:white_carpet":84,"minecraft:bone":13,"minecraft:spruce_planks":423,"minecraft:rabbit_hide":3,"minecraft:stone_pickaxe":5,"minecraft:iron_nugget":60,"minecraft:sugar_cane":30,"jeg:tech_trash":75,"minecraft:furnace":2,"minecraft:stick":35,"minecraft:raw_iron":46,"minecraft:cooked_porkchop":1,"minecraft:sweet_berries":88,"minecraft:gravel":2,"minecraft:porkchop":11,"minecraft:spruce_sapling":4,"minecraft:diorite":45,"minecraft:spruce_log":12,"minecraft:spider_eye":13,"jeg:scrap_block":1,"jeg:healing_talisman":24,"minecraft:rotten_flesh":100,"minecraft:stone_sword":15,"minecraft:arrow":65,"minecraft:stone_shovel":1,"minecraft:stone_axe":11,"minecraft:granite":1,"minecraft:golden_apple":2,"minecraft:mutton":20,"minecraft:obsidian":28,"minecraft:coal":20,"minecraft:white_wool":15,"minecraft:cobblestone":784},"minecraft:used":{"minecraft:diorite":5,"minecraft:stone_sword":44,"minecraft:flint_and_steel":3,"minecraft:stone_pickaxe":93,"minecraft:shield":3,"minecraft:wooden_pickaxe":46,"minecraft:rotten_flesh":5,"minecraft:salmon":2,"minecraft:dirt":11,"minecraft:crafting_table":4,"minecraft:red_bed":2,"jeg:healing_talisman":4,"minecraft:gravel":2,"jeg:scrap_workbench":1,"minecraft:wooden_sword":31,"minecraft:stone_axe":70,"minecraft:fishing_rod":10,"minecraft:fire_charge":1,"minecraft:cobblestone":33,"minecraft:sweet_berries":22,"minecraft:porkchop":1,"minecraft:furnace":2,"minecraft:cooked_porkchop":1,"minecraft:andesite":1,"minecraft:potato":3},"minecraft:crafted":{"minecraft:wooden_sword":1,"minecraft:fishing_rod":1,"minecraft:crafting_table":1,"minecraft:spruce_planks":48,"minecraft:stone_axe":1,"jeg:scrap_block":1,"minecraft:shield":1,"jeg:scrap_workbench":1,"minecraft:stick":12,"minecraft:iron_ingot":1,"minecraft:stone_pickaxe":2,"minecraft:stone_sword":1,"minecraft:white_bed":1},"minecraft:killed":{"jeg:ghoul":4,"minecraft:pig":1,"minecraft:salmon":2,"minecraft:rabbit":1,"minecraft:spider":3,"minecraft:bat":1,"minecraft:creeper":3,"minecraft:sheep":3,"minecraft:skeleton":7,"minecraft:zombie":16,"minecraft:chicken":1},"minecraft:dropped":{"minecraft:stone_axe":1,"minecraft:stone_sword":1,"minecraft:crafting_table":1,"minecraft:stone_shovel":1,"minecraft:granite":1,"minecraft:white_bed":1,"minecraft:golden_apple":3,"minecraft:gunpowder":2,"minecraft:stone_pickaxe":1,"minecraft:spruce_sapling":4,"minecraft:bone":1},"minecraft:mined":{"jeg:scrap_ore":37,"minecraft:crafting_table":1,"minecraft:grass_block":2,"minecraft:cobblestone":8,"minecraft:spruce_leaves":6,"minecraft:sugar_cane":1,"minecraft:diorite":11,"minecraft:furnace":1,"minecraft:iron_ore":6,"minecraft:fire":1,"minecraft:sweet_berry_bush":8,"minecraft:spruce_log":12,"minecraft:andesite":1,"minecraft:coal_ore":2,"minecraft:dirt":10,"minecraft:gravel":2,"minecraft:stone":69},"minecraft:custom":{"minecraft:interact_with_furnace":12,"minecraft:mob_kills":46,"minecraft:interact_with_crafting_table":26,"minecraft:time_since_death":4908,"minecraft:sleep_in_bed":1,"minecraft:time_since_rest":4936,"minecraft:sprint_one_cm":236403,"minecraft:damage_taken":5508,"minecraft:walk_one_cm":167051,"minecraft:damage_blocked_by_shield":90,"minecraft:drop":13,"minecraft:damage_dealt":8572,"minecraft:swim_one_cm":33475,"minecraft:fly_one_cm":232227,"minecraft:open_chest":2,"minecraft:crouch_one_cm":30117,"minecraft:deaths":19,"minecraft:play_time":86908,"minecraft:sneak_time":10808,"minecraft:walk_under_water_one_cm":12021,"minecraft:boat_one_cm":460010,"minecraft:jump":1270,"minecraft:walk_on_water_one_cm":33411,"minecraft:total_world_time":86908,"minecraft:fall_one_cm":29030}},"DataVersion":3120}