{"stats":{"minecraft:broken":{"minecraft:stone_axe":1},"minecraft:killed_by":{"minecraft:skeleton":4,"minecraft:spider":1,"minecraft:zombie":1,"cave_dweller:cave_dweller":8,"mimicer:mimicer":7},"minecraft:picked_up":{"minecraft:birch_log":6,"minecraft:fishing_rod":20,"minecraft:crafting_table":16,"minecraft:feather":22,"minecraft:chicken":14,"minecraft:andesite":1,"minecraft:salmon":14,"minecraft:wooden_pickaxe":22,"minecraft:potato":3,"minecraft:flint":56,"jeg:scrap_workbench":2,"jeg:scrap":395,"minecraft:shield":1,"minecraft:gunpowder":14,"minecraft:string":11,"minecraft:dirt":13,"minecraft:red_bed":3,"minecraft:raw_copper":93,"minecraft:wooden_sword":14,"minecraft:flint_and_steel":14,"minecraft:white_carpet":90,"minecraft:bone":27,"minecraft:spruce_planks":489,"minecraft:rabbit_hide":3,"minecraft:stone_pickaxe":7,"minecraft:iron_nugget":72,"minecraft:sugar_cane":34,"jeg:tech_trash":97,"minecraft:furnace":2,"minecraft:stick":37,"minecraft:raw_iron":47,"minecraft:cooked_porkchop":12,"minecraft:sweet_berries":92,"minecraft:sand":1,"minecraft:gravel":4,"minecraft:porkchop":11,"minecraft:spruce_sapling":4,"minecraft:diorite":45,"minecraft:spruce_log":12,"minecraft:spider_eye":18,"jeg:handmade_shell":20,"jeg:scrap_block":1,"jeg:healing_talisman":32,"minecraft:rotten_flesh":128,"minecraft:stone_sword":17,"minecraft:arrow":89,"minecraft:stone_shovel":3,"minecraft:stone_axe":12,"minecraft:granite":1,"minecraft:golden_apple":2,"minecraft:mutton":20,"minecraft:obsidian":32,"minecraft:coal":69,"minecraft:white_wool":15,"minecraft:cobblestone":860},"minecraft:used":{"minecraft:diorite":5,"minecraft:stone_sword":95,"minecraft:flint_and_steel":3,"minecraft:stone_pickaxe":128,"minecraft:spruce_planks":12,"minecraft:shield":3,"minecraft:wooden_pickaxe":46,"minecraft:rotten_flesh":20,"minecraft:salmon":2,"minecraft:dirt":11,"minecraft:crafting_table":4,"minecraft:red_bed":3,"jeg:healing_talisman":5,"minecraft:gravel":2,"jeg:scrap_workbench":1,"minecraft:wooden_sword":45,"minecraft:stone_axe":91,"minecraft:fishing_rod":10,"minecraft:fire_charge":1,"minecraft:cobblestone":63,"minecraft:sweet_berries":22,"minecraft:porkchop":1,"minecraft:furnace":2,"minecraft:cooked_porkchop":4,"minecraft:andesite":1,"minecraft:potato":3},"minecraft:crafted":{"minecraft:wooden_sword":1,"minecraft:fishing_rod":1,"minecraft:crafting_table":1,"minecraft:spruce_planks":48,"minecraft:stone_axe":2,"jeg:scrap_block":1,"minecraft:shield":1,"jeg:scrap_workbench":1,"minecraft:stick":12,"minecraft:iron_ingot":1,"minecraft:stone_pickaxe":2,"minecraft:stone_sword":1,"minecraft:white_bed":1},"minecraft:killed":{"jeg:ghoul":8,"minecraft:pig":1,"minecraft:salmon":2,"minecraft:rabbit":1,"minecraft:spider":4,"minecraft:bat":1,"minecraft:creeper":4,"minecraft:sheep":3,"minecraft:skeleton":7,"minecraft:zombie":30,"minecraft:chicken":1},"minecraft:dropped":{"minecraft:stone_axe":1,"minecraft:stone_sword":1,"minecraft:crafting_table":1,"minecraft:cooked_porkchop":8,"minecraft:stone_shovel":1,"minecraft:granite":1,"minecraft:white_bed":1,"minecraft:golden_apple":3,"minecraft:gunpowder":2,"minecraft:stone_pickaxe":1,"jeg:handmade_shell":5,"minecraft:spruce_sapling":4,"minecraft:bone":1},"minecraft:mined":{"minecraft:spruce_planks":11,"jeg:scrap_ore":40,"minecraft:red_bed":1,"minecraft:crafting_table":2,"minecraft:grass_block":2,"minecraft:copper_ore":9,"minecraft:cobblestone":10,"minecraft:spruce_leaves":6,"minecraft:sugar_cane":1,"minecraft:diorite":11,"jeg:scrap_workbench":1,"minecraft:furnace":1,"minecraft:birch_log":3,"minecraft:iron_ore":7,"minecraft:fire":1,"minecraft:sweet_berry_bush":8,"minecraft:birch_leaves":1,"minecraft:spruce_log":12,"minecraft:andesite":1,"minecraft:coal_ore":21,"minecraft:sand":1,"minecraft:dirt":10,"minecraft:gravel":3,"minecraft:stone":70},"minecraft:custom":{"minecraft:interact_with_furnace":16,"minecraft:mob_kills":67,"minecraft:interact_with_crafting_table":27,"minecraft:time_since_death":2436,"minecraft:sleep_in_bed":1,"minecraft:time_since_rest":2461,"minecraft:sprint_one_cm":304478,"minecraft:damage_taken":6528,"minecraft:walk_one_cm":222781,"minecraft:damage_blocked_by_shield":90,"minecraft:drop":19,"minecraft:damage_dealt":12492,"minecraft:swim_one_cm":43444,"minecraft:fly_one_cm":295393,"minecraft:open_chest":2,"minecraft:crouch_one_cm":34348,"minecraft:deaths":21,"minecraft:play_time":110908,"minecraft:sneak_time":13251,"minecraft:walk_under_water_one_cm":14613,"minecraft:boat_one_cm":460010,"minecraft:jump":1747,"minecraft:walk_on_water_one_cm":64101,"minecraft:total_world_time":110908,"minecraft:fall_one_cm":38322}},"DataVersion":3120}