{"stats":{"minecraft:killed":{"minecraft:spider":4,"minecraft:skeleton":7,"minecraft:chicken":1,"jeg:ghoul":8,"minecraft:pig":1,"minecraft:salmon":4,"minecraft:rabbit":1,"minecraft:bat":1,"minecraft:creeper":5,"minecraft:sheep":3,"minecraft:zombie":34},"minecraft:used":{"minecraft:stone_sword":104,"minecraft:flint_and_steel":3,"minecraft:spruce_planks":12,"minecraft:shield":3,"minecraft:rotten_flesh":36,"minecraft:dirt":18,"minecraft:spruce_boat":1,"jeg:healing_talisman":8,"minecraft:sweet_berries":24,"minecraft:furnace":2,"minecraft:cooked_cod":4,"minecraft:potato":3,"minecraft:diorite":5,"minecraft:stone_pickaxe":131,"minecraft:wooden_pickaxe":47,"minecraft:salmon":4,"minecraft:crafting_table":6,"minecraft:red_bed":3,"minecraft:white_bed":3,"minecraft:campfire":1,"minecraft:cod":1,"minecraft:oak_log":4,"minecraft:melon_slice":9,"minecraft:chicken":1,"minecraft:gravel":2,"jeg:scrap_workbench":1,"minecraft:stone_axe":124,"minecraft:fishing_rod":29,"minecraft:fire_charge":1,"minecraft:wooden_sword":45,"minecraft:cobblestone":63,"minecraft:cooked_porkchop":4,"minecraft:porkchop":1,"minecraft:andesite":1},"minecraft:broken":{"minecraft:stone_axe":1},"minecraft:mined":{"minecraft:spruce_planks":11,"minecraft:white_bed":4,"minecraft:dark_oak_log":2,"minecraft:grass_block":9,"minecraft:spruce_leaves":6,"minecraft:hay_block":7,"minecraft:tall_seagrass":1,"minecraft:furnace":1,"minecraft:iron_ore":7,"minecraft:fire":4,"minecraft:andesite":1,"minecraft:stripped_oak_log":3,"minecraft:stone":73,"jeg:scrap_ore":40,"minecraft:red_bed":1,"minecraft:crafting_table":4,"minecraft:melon":2,"minecraft:dead_bush":2,"minecraft:campfire":1,"minecraft:copper_ore":9,"minecraft:cobblestone":10,"minecraft:sugar_cane":1,"minecraft:diorite":11,"jeg:scrap_workbench":1,"minecraft:coarse_dirt":2,"minecraft:birch_log":3,"minecraft:sweet_berry_bush":8,"minecraft:spruce_log":12,"minecraft:birch_leaves":1,"minecraft:coal_ore":21,"minecraft:oak_log":6,"minecraft:cocoa":4,"minecraft:gravel":3,"minecraft:sand":3,"minecraft:dirt":11,"minecraft:stonecutter":1,"minecraft:oak_leaves":1},"minecraft:crafted":{"minecraft:wooden_sword":1,"minecraft:fishing_rod":1,"jeg:scrap_workbench":1,"minecraft:stone_pickaxe":2,"minecraft:spruce_boat":1,"minecraft:crafting_table":1,"minecraft:spruce_planks":48,"minecraft:campfire":1,"minecraft:stone_axe":2,"jeg:scrap_block":1,"minecraft:shield":1,"minecraft:stick":16,"minecraft:iron_ingot":2,"minecraft:stone_sword":1,"minecraft:white_bed":1},"minecraft:dropped":{"minecraft:crafting_table":1,"minecraft:cooked_porkchop":8,"minecraft:granite":1,"minecraft:golden_apple":3,"minecraft:spruce_sapling":4,"minecraft:bone":1,"minecraft:stone_axe":1,"minecraft:sugar_cane":2,"minecraft:iron_nugget":14,"minecraft:stone_sword":1,"minecraft:stone_shovel":1,"minecraft:white_carpet":6,"minecraft:white_bed":1,"minecraft:gunpowder":2,"minecraft:spider_eye":2,"minecraft:stone_pickaxe":1,"jeg:handmade_shell":5},"minecraft:custom":{"minecraft:mob_kills":75,"minecraft:interact_with_crafting_table":32,"minecraft:interact_with_campfire":4,"minecraft:leave_game":2,"minecraft:time_since_death":3770,"minecraft:climb_one_cm":596,"minecraft:sprint_one_cm":535897,"minecraft:walk_one_cm":350589,"minecraft:damage_blocked_by_shield":90,"minecraft:drop":30,"minecraft:talked_to_villager":1,"minecraft:play_time":190021,"minecraft:deaths":29,"minecraft:sneak_time":16561,"minecraft:walk_under_water_one_cm":31246,"minecraft:boat_one_cm":793933,"minecraft:jump":3348,"minecraft:walk_on_water_one_cm":108257,"minecraft:total_world_time":190021,"minecraft:interact_with_furnace":16,"minecraft:sleep_in_bed":5,"minecraft:time_since_rest":3800,"minecraft:damage_taken":8987,"minecraft:damage_dealt":13907,"minecraft:fly_one_cm":676182,"minecraft:swim_one_cm":99496,"minecraft:open_chest":10,"minecraft:crouch_one_cm":45789,"minecraft:fish_caught":5,"minecraft:fall_one_cm":94295},"minecraft:picked_up":{"minecraft:fishing_rod":23,"minecraft:charcoal":2,"minecraft:coarse_dirt":2,"minecraft:crafting_table":21,"minecraft:chicken":20,"minecraft:wooden_pickaxe":27,"jeg:scrap_workbench":6,"minecraft:shield":1,"minecraft:string":11,"minecraft:red_bed":3,"minecraft:raw_copper":186,"minecraft:wooden_sword":17,"minecraft:flint_and_steel":14,"minecraft:white_carpet":108,"minecraft:spruce_planks":570,"minecraft:beef":7,"minecraft:iron_nugget":97,"minecraft:light_gray_wool":1,"minecraft:melon_slice":44,"minecraft:sugar_cane":69,"minecraft:furnace":2,"minecraft:raw_iron":50,"minecraft:stick":48,"minecraft:porkchop":11,"minecraft:diorite":45,"minecraft:dark_oak_planks":14,"minecraft:cooked_cod":4,"jeg:healing_talisman":38,"minecraft:stone_sword":20,"minecraft:arrow":137,"minecraft:rotten_flesh":158,"minecraft:stone_shovel":7,"minecraft:hay_block":7,"minecraft:mutton":20,"minecraft:obsidian":38,"minecraft:cod":9,"minecraft:white_wool":17,"minecraft:cobblestone":992,"minecraft:stripped_oak_log":3,"minecraft:birch_log":15,"minecraft:feather":31,"minecraft:salmon":16,"minecraft:andesite":1,"minecraft:potato":3,"minecraft:flint":68,"minecraft:oak_log":6,"jeg:scrap":485,"minecraft:gunpowder":30,"minecraft:dirt":56,"minecraft:paper":13,"minecraft:bone":48,"minecraft:stonecutter":1,"minecraft:rabbit_hide":3,"minecraft:stone_pickaxe":10,"jeg:tech_trash":127,"minecraft:cooked_porkchop":12,"minecraft:sweet_berries":94,"minecraft:gravel":7,"minecraft:sand":101,"minecraft:spruce_sapling":4,"minecraft:white_bed":5,"minecraft:spruce_log":12,"minecraft:jungle_slab":1,"minecraft:dark_oak_log":2,"minecraft:spider_eye":24,"jeg:handmade_shell":35,"jeg:scrap_block":1,"minecraft:stone_axe":15,"minecraft:granite":1,"minecraft:golden_apple":3,"minecraft:bread":1,"minecraft:melon_seeds":1,"minecraft:coal":129},"minecraft:killed_by":{"minecraft:player":1,"minecraft:creeper":1,"minecraft:spider":1,"mimicer:mimicer":10,"minecraft:skeleton":4,"minecraft:zombie":1,"cave_dweller:cave_dweller":9}},"DataVersion":3120}