{"stats":{"minecraft:broken":{"minecraft:stone_axe":1},"minecraft:killed_by":{"minecraft:skeleton":3,"minecraft:spider":1,"cave_dweller:cave_dweller":8,"mimicer:mimicer":6},"minecraft:picked_up":{"minecraft:fishing_rod":17,"minecraft:crafting_table":14,"minecraft:feather":22,"minecraft:chicken":11,"minecraft:salmon":14,"minecraft:wooden_pickaxe":19,"minecraft:potato":3,"minecraft:flint":44,"jeg:scrap":270,"minecraft:shield":1,"minecraft:gunpowder":2,"minecraft:string":11,"minecraft:dirt":11,"minecraft:red_bed":2,"minecraft:wooden_sword":11,"minecraft:flint_and_steel":12,"minecraft:white_carpet":78,"minecraft:bone":7,"minecraft:spruce_planks":393,"minecraft:rabbit_hide":3,"minecraft:stone_pickaxe":4,"minecraft:iron_nugget":54,"minecraft:sugar_cane":28,"jeg:tech_trash":66,"minecraft:furnace":2,"minecraft:stick":33,"minecraft:raw_iron":43,"minecraft:cooked_porkchop":1,"minecraft:sweet_berries":86,"minecraft:gravel":2,"minecraft:porkchop":11,"minecraft:spruce_sapling":4,"minecraft:diorite":45,"minecraft:spruce_log":12,"minecraft:spider_eye":12,"jeg:scrap_block":1,"jeg:healing_talisman":23,"minecraft:rotten_flesh":87,"minecraft:stone_sword":14,"minecraft:arrow":53,"minecraft:stone_shovel":1,"minecraft:stone_axe":11,"minecraft:granite":1,"minecraft:golden_apple":2,"minecraft:mutton":20,"minecraft:obsidian":26,"minecraft:coal":20,"minecraft:white_wool":15,"minecraft:cobblestone":730},"minecraft:used":{"minecraft:diorite":5,"minecraft:stone_sword":26,"minecraft:flint_and_steel":3,"minecraft:stone_pickaxe":69,"minecraft:shield":3,"minecraft:wooden_pickaxe":46,"minecraft:rotten_flesh":2,"minecraft:salmon":2,"minecraft:dirt":11,"minecraft:crafting_table":4,"minecraft:red_bed":2,"jeg:healing_talisman":2,"minecraft:gravel":2,"jeg:scrap_workbench":1,"minecraft:wooden_sword":21,"minecraft:stone_axe":70,"minecraft:fishing_rod":10,"minecraft:fire_charge":1,"minecraft:cobblestone":23,"minecraft:sweet_berries":22,"minecraft:furnace":2,"minecraft:cooked_porkchop":1,"minecraft:potato":3},"minecraft:crafted":{"minecraft:wooden_sword":1,"minecraft:fishing_rod":1,"minecraft:crafting_table":1,"minecraft:spruce_planks":48,"minecraft:stone_axe":1,"jeg:scrap_block":1,"minecraft:shield":1,"jeg:scrap_workbench":1,"minecraft:stick":12,"minecraft:iron_ingot":1,"minecraft:stone_pickaxe":2,"minecraft:stone_sword":1,"minecraft:white_bed":1},"minecraft:killed":{"jeg:ghoul":4,"minecraft:pig":1,"minecraft:salmon":2,"minecraft:rabbit":1,"minecraft:spider":3,"minecraft:creeper":2,"minecraft:sheep":3,"minecraft:skeleton":6,"minecraft:zombie":13,"minecraft:chicken":1},"minecraft:dropped":{"minecraft:stone_axe":1,"minecraft:stone_sword":1,"minecraft:crafting_table":1,"minecraft:stone_shovel":1,"minecraft:granite":1,"minecraft:white_bed":1,"minecraft:golden_apple":3,"minecraft:gunpowder":2,"minecraft:stone_pickaxe":1,"minecraft:spruce_sapling":4,"minecraft:bone":1},"minecraft:mined":{"jeg:scrap_ore":18,"minecraft:crafting_table":1,"minecraft:grass_block":2,"minecraft:cobblestone":8,"minecraft:spruce_leaves":6,"minecraft:sugar_cane":1,"minecraft:diorite":11,"minecraft:furnace":1,"minecraft:iron_ore":4,"minecraft:fire":1,"minecraft:sweet_berry_bush":8,"minecraft:spruce_log":12,"minecraft:coal_ore":2,"minecraft:dirt":10,"minecraft:gravel":2,"minecraft:stone":67},"minecraft:custom":{"minecraft:interact_with_furnace":11,"minecraft:mob_kills":40,"minecraft:interact_with_crafting_table":24,"minecraft:time_since_death":987,"minecraft:sleep_in_bed":1,"minecraft:time_since_rest":1014,"minecraft:sprint_one_cm":189405,"minecraft:damage_taken":5138,"minecraft:walk_one_cm":139790,"minecraft:damage_blocked_by_shield":90,"minecraft:drop":13,"minecraft:damage_dealt":6992,"minecraft:swim_one_cm":33475,"minecraft:fly_one_cm":178679,"minecraft:open_chest":2,"minecraft:crouch_one_cm":24958,"minecraft:deaths":18,"minecraft:play_time":74908,"minecraft:sneak_time":8973,"minecraft:walk_under_water_one_cm":9955,"minecraft:boat_one_cm":460010,"minecraft:jump":975,"minecraft:walk_on_water_one_cm":29570,"minecraft:total_world_time":74908,"minecraft:fall_one_cm":21187}},"DataVersion":3120}