{"stats":{"minecraft:killed":{"jeg:ghoul":8,"minecraft:pig":1,"minecraft:salmon":2,"minecraft:rabbit":1,"minecraft:spider":4,"minecraft:bat":1,"minecraft:creeper":5,"minecraft:skeleton":7,"minecraft:sheep":3,"minecraft:zombie":34,"minecraft:chicken":1},"minecraft:used":{"minecraft:diorite":5,"minecraft:stone_sword":104,"minecraft:flint_and_steel":3,"minecraft:stone_pickaxe":128,"minecraft:spruce_planks":12,"minecraft:wooden_pickaxe":46,"minecraft:shield":3,"minecraft:rotten_flesh":30,"minecraft:salmon":2,"minecraft:dirt":13,"minecraft:crafting_table":4,"minecraft:red_bed":3,"minecraft:chicken":1,"jeg:healing_talisman":8,"minecraft:gravel":2,"minecraft:fishing_rod":23,"minecraft:fire_charge":1,"jeg:scrap_workbench":1,"minecraft:stone_axe":97,"minecraft:wooden_sword":45,"minecraft:cobblestone":63,"minecraft:sweet_berries":24,"minecraft:porkchop":1,"minecraft:furnace":2,"minecraft:cooked_porkchop":4,"minecraft:andesite":1,"minecraft:potato":3},"minecraft:broken":{"minecraft:stone_axe":1},"minecraft:mined":{"minecraft:spruce_planks":11,"jeg:scrap_ore":40,"minecraft:red_bed":1,"minecraft:dark_oak_log":2,"minecraft:crafting_table":2,"minecraft:grass_block":2,"minecraft:copper_ore":9,"minecraft:cobblestone":10,"minecraft:spruce_leaves":6,"minecraft:sugar_cane":1,"minecraft:diorite":11,"jeg:scrap_workbench":1,"minecraft:furnace":1,"minecraft:birch_log":3,"minecraft:iron_ore":7,"minecraft:fire":1,"minecraft:sweet_berry_bush":8,"minecraft:spruce_log":12,"minecraft:birch_leaves":1,"minecraft:andesite":1,"minecraft:coal_ore":21,"minecraft:sand":2,"minecraft:gravel":3,"minecraft:dirt":11,"minecraft:stone":70,"minecraft:oak_leaves":1},"minecraft:crafted":{"minecraft:wooden_sword":1,"minecraft:fishing_rod":1,"minecraft:crafting_table":1,"minecraft:spruce_planks":48,"minecraft:stone_axe":2,"jeg:scrap_block":1,"minecraft:shield":1,"jeg:scrap_workbench":1,"minecraft:stick":12,"minecraft:iron_ingot":1,"minecraft:stone_pickaxe":2,"minecraft:stone_sword":1,"minecraft:white_bed":1,"minecraft:spruce_boat":1},"minecraft:dropped":{"minecraft:stone_axe":1,"minecraft:stone_sword":1,"minecraft:crafting_table":1,"minecraft:cooked_porkchop":8,"minecraft:stone_shovel":1,"minecraft:granite":1,"minecraft:white_bed":1,"minecraft:golden_apple":3,"minecraft:gunpowder":2,"minecraft:stone_pickaxe":1,"jeg:handmade_shell":5,"minecraft:spruce_sapling":4,"minecraft:bone":1},"minecraft:custom":{"minecraft:interact_with_furnace":16,"minecraft:mob_kills":72,"minecraft:interact_with_crafting_table":28,"minecraft:leave_game":1,"minecraft:time_since_death":9018,"minecraft:sleep_in_bed":2,"minecraft:time_since_rest":9041,"minecraft:sprint_one_cm":380669,"minecraft:damage_taken":7983,"minecraft:walk_one_cm":265475,"minecraft:damage_blocked_by_shield":90,"minecraft:drop":19,"minecraft:damage_dealt":13667,"minecraft:swim_one_cm":67961,"minecraft:fly_one_cm":491183,"minecraft:open_chest":2,"minecraft:play_time":148561,"minecraft:crouch_one_cm":40191,"minecraft:sneak_time":14931,"minecraft:deaths":26,"minecraft:walk_under_water_one_cm":20584,"minecraft:boat_one_cm":460010,"minecraft:jump":2341,"minecraft:walk_on_water_one_cm":88425,"minecraft:total_world_time":148561,"minecraft:fish_caught":4,"minecraft:fall_one_cm":60870},"minecraft:picked_up":{"minecraft:birch_log":15,"minecraft:fishing_rod":23,"minecraft:crafting_table":19,"minecraft:feather":22,"minecraft:chicken":16,"minecraft:andesite":1,"minecraft:salmon":14,"minecraft:wooden_pickaxe":26,"minecraft:potato":3,"minecraft:flint":68,"jeg:scrap_workbench":6,"jeg:scrap":485,"minecraft:shield":1,"minecraft:gunpowder":30,"minecraft:string":11,"minecraft:dirt":24,"minecraft:red_bed":3,"minecraft:raw_copper":186,"minecraft:wooden_sword":17,"minecraft:flint_and_steel":14,"minecraft:white_carpet":108,"minecraft:bone":48,"minecraft:rabbit_hide":3,"minecraft:spruce_planks":570,"minecraft:stone_pickaxe":10,"minecraft:iron_nugget":90,"minecraft:sugar_cane":40,"jeg:tech_trash":127,"minecraft:furnace":2,"minecraft:stick":37,"minecraft:raw_iron":47,"minecraft:cooked_porkchop":12,"minecraft:sweet_berries":94,"minecraft:gravel":7,"minecraft:porkchop":11,"minecraft:sand":100,"minecraft:spruce_sapling":4,"minecraft:white_bed":1,"minecraft:diorite":45,"minecraft:spruce_log":12,"minecraft:dark_oak_log":2,"minecraft:spider_eye":24,"jeg:handmade_shell":35,"jeg:scrap_block":1,"minecraft:stone_sword":20,"jeg:healing_talisman":38,"minecraft:arrow":137,"minecraft:stone_shovel":6,"minecraft:rotten_flesh":158,"minecraft:stone_axe":15,"minecraft:granite":1,"minecraft:golden_apple":2,"minecraft:obsidian":38,"minecraft:mutton":20,"minecraft:coal":129,"minecraft:cod":8,"minecraft:white_wool":15,"minecraft:cobblestone":969},"minecraft:killed_by":{"minecraft:skeleton":4,"minecraft:creeper":1,"minecraft:spider":1,"minecraft:zombie":1,"cave_dweller:cave_dweller":9,"mimicer:mimicer":10}},"DataVersion":3120}