{"stats":{"minecraft:killed_by":{"cave_dweller:cave_dweller":1},"minecraft:picked_up":{"minecraft:fishing_rod":1,"minecraft:crafting_table":3,"minecraft:salmon":4,"minecraft:wooden_pickaxe":4,"minecraft:flint":4,"jeg:scrap":64,"minecraft:shield":1,"minecraft:gunpowder":2,"minecraft:string":2,"minecraft:dirt":11,"minecraft:wooden_sword":1,"minecraft:flint_and_steel":1,"minecraft:white_carpet":12,"minecraft:bone":1,"minecraft:spruce_planks":44,"minecraft:rabbit_hide":2,"minecraft:stone_pickaxe":2,"minecraft:iron_nugget":6,"minecraft:sugar_cane":4,"jeg:tech_trash":12,"minecraft:furnace":1,"minecraft:stick":9,"minecraft:raw_iron":6,"minecraft:cooked_porkchop":1,"minecraft:sweet_berries":28,"minecraft:gravel":2,"minecraft:spruce_sapling":4,"minecraft:diorite":13,"minecraft:spruce_log":12,"minecraft:rotten_flesh":1,"minecraft:stone_sword":2,"minecraft:arrow":6,"minecraft:stone_shovel":1,"minecraft:stone_axe":2,"minecraft:granite":1,"minecraft:golden_apple":2,"minecraft:mutton":3,"minecraft:obsidian":2,"minecraft:coal":17,"minecraft:white_wool":2,"minecraft:cobblestone":147},"minecraft:used":{"minecraft:diorite":5,"minecraft:stone_sword":7,"minecraft:stone_pickaxe":68,"minecraft:wooden_pickaxe":43,"minecraft:dirt":11,"minecraft:crafting_table":1,"minecraft:gravel":2,"minecraft:stone_axe":30,"minecraft:fishing_rod":7,"minecraft:fire_charge":1,"minecraft:cobblestone":23,"minecraft:sweet_berries":6,"minecraft:furnace":1,"minecraft:cooked_porkchop":1},"minecraft:crafted":{"minecraft:wooden_sword":1,"minecraft:fishing_rod":1,"minecraft:crafting_table":1,"minecraft:spruce_planks":48,"minecraft:stone_axe":1,"minecraft:shield":1,"minecraft:stick":8,"minecraft:iron_ingot":1,"minecraft:stone_pickaxe":1,"minecraft:stone_sword":1},"minecraft:killed":{"minecraft:salmon":2,"minecraft:rabbit":1,"minecraft:creeper":2,"minecraft:sheep":2,"minecraft:skeleton":1,"minecraft:zombie":2},"minecraft:dropped":{"minecraft:stone_axe":1,"minecraft:stone_sword":1,"minecraft:crafting_table":1,"minecraft:stone_shovel":1,"minecraft:granite":1,"minecraft:golden_apple":3,"minecraft:gunpowder":2,"minecraft:stone_pickaxe":1,"minecraft:spruce_sapling":4,"minecraft:bone":1},"minecraft:mined":{"jeg:scrap_ore":18,"minecraft:crafting_table":1,"minecraft:grass_block":2,"minecraft:cobblestone":8,"minecraft:spruce_leaves":6,"minecraft:sugar_cane":1,"minecraft:diorite":11,"minecraft:furnace":1,"minecraft:iron_ore":3,"minecraft:fire":1,"minecraft:sweet_berry_bush":8,"minecraft:spruce_log":12,"minecraft:coal_ore":2,"minecraft:dirt":10,"minecraft:gravel":2,"minecraft:stone":64},"minecraft:custom":{"minecraft:interact_with_furnace":8,"minecraft:mob_kills":10,"minecraft:interact_with_crafting_table":11,"minecraft:time_since_death":1708,"minecraft:sleep_in_bed":1,"minecraft:time_since_rest":1748,"minecraft:sprint_one_cm":67251,"minecraft:damage_taken":338,"minecraft:walk_one_cm":70899,"minecraft:drop":12,"minecraft:damage_dealt":1937,"minecraft:swim_one_cm":27579,"minecraft:fly_one_cm":100644,"minecraft:open_chest":2,"minecraft:crouch_one_cm":22202,"minecraft:deaths":1,"minecraft:play_time":50908,"minecraft:sneak_time":8124,"minecraft:walk_under_water_one_cm":8527,"minecraft:boat_one_cm":460010,"minecraft:jump":544,"minecraft:walk_on_water_one_cm":21903,"minecraft:total_world_time":50908,"minecraft:fall_one_cm":11725}},"DataVersion":3120}