{"stats":{"minecraft:picked_up":{"minecraft:stick":5,"minecraft:crafting_table":2,"minecraft:wooden_pickaxe":2,"minecraft:gravel":2,"minecraft:spruce_sapling":4,"minecraft:diorite":8,"minecraft:spruce_log":12,"minecraft:gunpowder":2,"minecraft:dirt":11,"minecraft:white_carpet":6,"minecraft:stone_sword":1,"minecraft:bone":1,"minecraft:arrow":3,"minecraft:stone_shovel":1,"minecraft:stone_axe":1,"minecraft:spruce_planks":6,"minecraft:granite":1,"minecraft:stone_pickaxe":1,"minecraft:golden_apple":2,"minecraft:coal":6,"minecraft:cobblestone":60},"minecraft:used":{"minecraft:stone_sword":7,"minecraft:stone_pickaxe":10,"minecraft:wooden_pickaxe":43,"minecraft:stone_axe":8,"minecraft:fire_charge":1,"minecraft:dirt":10,"minecraft:cobblestone":23,"minecraft:crafting_table":1},"minecraft:crafted":{"minecraft:wooden_sword":1,"minecraft:crafting_table":1,"minecraft:stick":8,"minecraft:spruce_planks":48,"minecraft:stone_pickaxe":1,"minecraft:stone_sword":1,"minecraft:stone_axe":1},"minecraft:killed":{"minecraft:skeleton":1,"minecraft:creeper":1},"minecraft:dropped":{"minecraft:stone_axe":1,"minecraft:gunpowder":2,"minecraft:stone_sword":1,"minecraft:crafting_table":1,"minecraft:stone_shovel":1,"minecraft:granite":1,"minecraft:stone_pickaxe":1,"minecraft:golden_apple":2,"minecraft:spruce_sapling":4,"minecraft:bone":1},"minecraft:mined":{"minecraft:fire":1,"minecraft:spruce_log":12,"minecraft:crafting_table":1,"minecraft:grass_block":2,"minecraft:gravel":2,"minecraft:dirt":10,"minecraft:cobblestone":8,"minecraft:spruce_leaves":6,"minecraft:stone":34,"minecraft:diorite":10},"minecraft:custom":{"minecraft:time_since_rest":14908,"minecraft:sprint_one_cm":26555,"minecraft:damage_taken":158,"minecraft:walk_one_cm":23143,"minecraft:mob_kills":2,"minecraft:drop":11,"minecraft:damage_dealt":350,"minecraft:interact_with_crafting_table":4,"minecraft:fly_one_cm":24531,"minecraft:open_chest":2,"minecraft:crouch_one_cm":4003,"minecraft:play_time":14908,"minecraft:sneak_time":2428,"minecraft:walk_under_water_one_cm":362,"minecraft:jump":203,"minecraft:walk_on_water_one_cm":319,"minecraft:time_since_death":14908,"minecraft:total_world_time":14908,"minecraft:fall_one_cm":4091}},"DataVersion":3120}