{"stats":{"minecraft:picked_up":{"minecraft:wooden_pickaxe":1,"minecraft:golden_apple":2,"minecraft:spruce_log":6,"minecraft:dirt":2,"minecraft:cobblestone":1},"minecraft:used":{"minecraft:wooden_pickaxe":2},"minecraft:crafted":{"minecraft:wooden_sword":1,"minecraft:spruce_planks":24,"minecraft:stick":4},"minecraft:dropped":{"minecraft:golden_apple":2},"minecraft:mined":{"minecraft:grass_block":1,"minecraft:dirt":2,"minecraft:spruce_leaves":5,"minecraft:spruce_log":6,"minecraft:stone":2},"minecraft:custom":{"minecraft:time_since_rest":2908,"minecraft:open_chest":1,"minecraft:play_time":2908,"minecraft:crouch_one_cm":238,"minecraft:sprint_one_cm":3849,"minecraft:damage_taken":10,"minecraft:walk_one_cm":3185,"minecraft:sneak_time":336,"minecraft:drop":2,"minecraft:jump":40,"minecraft:time_since_death":2908,"minecraft:total_world_time":2908,"minecraft:interact_with_crafting_table":2,"minecraft:fall_one_cm":602,"minecraft:fly_one_cm":1948}},"DataVersion":3120}