{"stats":{"minecraft:picked_up":{"minecraft:crafting_table":2,"minecraft:salmon":2,"minecraft:wooden_pickaxe":2,"jeg:scrap":13,"minecraft:gunpowder":2,"minecraft:dirt":11,"minecraft:white_carpet":6,"minecraft:bone":1,"minecraft:spruce_planks":6,"minecraft:rabbit_hide":1,"minecraft:stone_pickaxe":1,"minecraft:sugar_cane":2,"jeg:tech_trash":1,"minecraft:furnace":1,"minecraft:stick":5,"minecraft:raw_iron":2,"minecraft:cooked_porkchop":1,"minecraft:sweet_berries":17,"minecraft:gravel":2,"minecraft:spruce_sapling":4,"minecraft:diorite":9,"minecraft:spruce_log":12,"minecraft:stone_sword":1,"minecraft:arrow":3,"minecraft:stone_shovel":1,"minecraft:stone_axe":1,"minecraft:granite":1,"minecraft:golden_apple":2,"minecraft:coal":14,"minecraft:cobblestone":83},"minecraft:used":{"minecraft:diorite":5,"minecraft:stone_sword":7,"minecraft:stone_pickaxe":49,"minecraft:wooden_pickaxe":43,"minecraft:dirt":11,"minecraft:crafting_table":1,"minecraft:gravel":2,"minecraft:stone_axe":23,"minecraft:fire_charge":1,"minecraft:cobblestone":23,"minecraft:sweet_berries":3,"minecraft:furnace":1,"minecraft:cooked_porkchop":1},"minecraft:crafted":{"minecraft:wooden_sword":1,"minecraft:crafting_table":1,"minecraft:spruce_planks":48,"minecraft:stone_axe":1,"minecraft:shield":1,"minecraft:stick":8,"minecraft:iron_ingot":1,"minecraft:stone_pickaxe":1,"minecraft:stone_sword":1},"minecraft:killed":{"minecraft:salmon":2,"minecraft:rabbit":1,"minecraft:creeper":2,"minecraft:skeleton":1,"minecraft:zombie":2},"minecraft:dropped":{"minecraft:stone_axe":1,"minecraft:stone_sword":1,"minecraft:crafting_table":1,"minecraft:stone_shovel":1,"minecraft:granite":1,"minecraft:golden_apple":3,"minecraft:gunpowder":2,"minecraft:stone_pickaxe":1,"minecraft:spruce_sapling":4,"minecraft:bone":1},"minecraft:mined":{"jeg:scrap_ore":6,"minecraft:crafting_table":1,"minecraft:grass_block":2,"minecraft:cobblestone":8,"minecraft:spruce_leaves":6,"minecraft:sugar_cane":1,"minecraft:diorite":11,"minecraft:furnace":1,"minecraft:iron_ore":2,"minecraft:fire":1,"minecraft:sweet_berry_bush":8,"minecraft:spruce_log":12,"minecraft:coal_ore":2,"minecraft:dirt":10,"minecraft:gravel":2,"minecraft:stone":58},"minecraft:custom":{"minecraft:interact_with_furnace":8,"minecraft:mob_kills":8,"minecraft:interact_with_crafting_table":10,"minecraft:time_since_death":38908,"minecraft:sleep_in_bed":1,"minecraft:time_since_rest":20206,"minecraft:sprint_one_cm":55870,"minecraft:damage_taken":158,"minecraft:walk_one_cm":64616,"minecraft:drop":12,"minecraft:damage_dealt":1369,"minecraft:swim_one_cm":16058,"minecraft:fly_one_cm":88271,"minecraft:open_chest":2,"minecraft:crouch_one_cm":21326,"minecraft:play_time":38908,"minecraft:sneak_time":7803,"minecraft:walk_under_water_one_cm":5805,"minecraft:boat_one_cm":199438,"minecraft:jump":451,"minecraft:walk_on_water_one_cm":11746,"minecraft:total_world_time":38908,"minecraft:fall_one_cm":10028}},"DataVersion":3120}