{"stats":{"minecraft:killed_by":{"minecraft:skeleton":2,"minecraft:creeper":2,"cave_dweller:cave_dweller":2,"mimicer:mimicer":3},"minecraft:broken":{"minecraft:stone_pickaxe":1,"minecraft:stone_sword":1},"minecraft:picked_up":{"minecraft:fishing_rod":6,"minecraft:crafting_table":7,"minecraft:clay_ball":4,"minecraft:andesite":10,"minecraft:salmon":4,"minecraft:cooked_rabbit":4,"minecraft:flint":2,"jeg:scrap":199,"minecraft:shield":7,"minecraft:gunpowder":24,"minecraft:raw_copper":4,"minecraft:dirt":42,"minecraft:string":36,"minecraft:red_bed":3,"jeg:grenade":1,"minecraft:cooked_salmon":2,"minecraft:white_carpet":9,"minecraft:bone":62,"jeg:revolver":2,"minecraft:bow":1,"minecraft:spruce_planks":19,"minecraft:iron_ingot":11,"minecraft:stone_pickaxe":11,"minecraft:redstone_torch":1,"minecraft:rabbit":1,"minecraft:sugar_cane":64,"jeg:tech_trash":6,"minecraft:furnace":2,"minecraft:stick":17,"minecraft:raw_iron":154,"minecraft:cooked_porkchop":54,"jeg:pistol_ammo":5,"minecraft:torch":127,"minecraft:gravel":49,"minecraft:porkchop":10,"minecraft:spruce_sapling":41,"minecraft:diorite":15,"minecraft:white_bed":2,"minecraft:spruce_log":276,"minecraft:spider_eye":28,"jeg:handmade_shell":10,"minecraft:stone_sword":8,"jeg:healing_talisman":20,"minecraft:arrow":69,"minecraft:rotten_flesh":116,"minecraft:stone_shovel":9,"jeg:ectoplasm":47,"minecraft:spruce_boat":11,"minecraft:stone_axe":9,"minecraft:granite":13,"minecraft:golden_apple":8,"minecraft:cod":16,"minecraft:coal":177,"minecraft:cobblestone":300},"minecraft:crafted":{"minecraft:stone_shovel":1,"minecraft:fishing_rod":1,"minecraft:cooked_porkchop":9,"minecraft:crafting_table":1,"minecraft:spruce_planks":64,"minecraft:wooden_pickaxe":2,"minecraft:cooked_salmon":4,"minecraft:copper_ingot":2,"minecraft:stone_axe":1,"minecraft:air":0,"minecraft:shield":1,"minecraft:stick":40,"minecraft:iron_ingot":44,"minecraft:stone_pickaxe":3,"minecraft:stone_sword":2,"minecraft:spruce_boat":1,"minecraft:torch":76,"minecraft:cooked_rabbit":1},"minecraft:used":{"minecraft:diorite":9,"minecraft:stone_sword":144,"minecraft:stone_pickaxe":248,"minecraft:stone_shovel":6,"minecraft:wooden_pickaxe":3,"minecraft:shield":35,"minecraft:cooked_salmon":4,"minecraft:torch":16,"minecraft:dirt":7,"minecraft:white_carpet":3,"minecraft:crafting_table":4,"minecraft:red_bed":2,"minecraft:white_bed":2,"jeg:grenade":1,"minecraft:redstone_torch":1,"minecraft:spruce_boat":4,"jeg:healing_talisman":4,"minecraft:gravel":36,"minecraft:stone_axe":50,"minecraft:fishing_rod":6,"minecraft:cobblestone":31,"minecraft:cooked_porkchop":1,"jeg:revolver":5,"minecraft:cooked_rabbit":1,"minecraft:andesite":5},"minecraft:killed":{"jeg:ghoul":5,"minecraft:pig":5,"minecraft:salmon":4,"minecraft:rabbit":1,"minecraft:spider":10,"minecraft:creeper":1,"jeg:boo":1,"minecraft:skeleton":11,"minecraft:zombie":13},"minecraft:dropped":{"minecraft:cooked_porkchop":1,"minecraft:white_carpet":6,"minecraft:clay_ball":4,"minecraft:red_bed":1,"jeg:healing_talisman":1,"minecraft:wooden_pickaxe":1,"minecraft:string":2,"jeg:handmade_shell":10,"minecraft:spruce_sapling":1},"minecraft:mined":{"minecraft:white_bed":1,"jeg:scrap_ore":17,"minecraft:red_bed":2,"minecraft:clay":1,"minecraft:crafting_table":4,"minecraft:granite":2,"minecraft:grass_block":2,"minecraft:copper_ore":1,"minecraft:cobblestone":4,"minecraft:spruce_leaves":18,"minecraft:sugar_cane":2,"minecraft:diorite":3,"minecraft:wall_torch":1,"minecraft:large_fern":1,"minecraft:furnace":1,"minecraft:redstone_torch":1,"minecraft:iron_ore":47,"minecraft:fire":1,"minecraft:ice":1,"minecraft:white_carpet":9,"minecraft:spruce_log":37,"minecraft:andesite":5,"minecraft:coal_ore":70,"minecraft:gravel":38,"minecraft:dirt":8,"minecraft:stone":100,"minecraft:oak_leaves":3},"minecraft:custom":{"minecraft:interact_with_furnace":33,"minecraft:mob_kills":50,"minecraft:interact_with_crafting_table":18,"minecraft:leave_game":1,"minecraft:time_since_death":5055,"minecraft:sleep_in_bed":4,"minecraft:time_since_rest":5077,"minecraft:sprint_one_cm":174402,"minecraft:damage_taken":2965,"minecraft:walk_one_cm":223753,"minecraft:damage_blocked_by_shield":1910,"minecraft:drop":13,"minecraft:damage_dealt":7693,"minecraft:swim_one_cm":14182,"minecraft:fly_one_cm":226559,"minecraft:open_chest":1,"minecraft:crouch_one_cm":15652,"minecraft:play_time":98199,"minecraft:deaths":9,"minecraft:sneak_time":5573,"minecraft:walk_under_water_one_cm":16902,"minecraft:boat_one_cm":495249,"minecraft:jump":1154,"minecraft:walk_on_water_one_cm":41648,"minecraft:total_world_time":98199,"minecraft:fish_caught":2,"minecraft:fall_one_cm":26112}},"DataVersion":3120}