{"stats":{"minecraft:killed_by":{"minecraft:skeleton":1,"cave_dweller:cave_dweller":1,"mimicer:mimicer":3},"minecraft:picked_up":{"minecraft:fishing_rod":2,"minecraft:crafting_table":7,"minecraft:salmon":4,"minecraft:cooked_rabbit":3,"jeg:scrap":8,"minecraft:shield":3,"minecraft:gunpowder":10,"minecraft:dirt":26,"minecraft:string":10,"minecraft:red_bed":3,"minecraft:cooked_salmon":2,"minecraft:white_carpet":9,"minecraft:bone":15,"minecraft:spruce_planks":13,"minecraft:stone_pickaxe":5,"minecraft:redstone_torch":1,"minecraft:rabbit":1,"minecraft:sugar_cane":32,"minecraft:furnace":2,"minecraft:stick":8,"minecraft:raw_iron":31,"minecraft:cooked_porkchop":24,"minecraft:gravel":11,"minecraft:porkchop":10,"minecraft:spruce_sapling":25,"minecraft:diorite":7,"minecraft:spruce_log":178,"minecraft:spider_eye":10,"minecraft:stone_sword":5,"jeg:healing_talisman":11,"minecraft:arrow":15,"minecraft:rotten_flesh":62,"minecraft:stone_shovel":5,"jeg:ectoplasm":19,"minecraft:spruce_boat":7,"minecraft:stone_axe":5,"minecraft:granite":6,"minecraft:golden_apple":4,"minecraft:cod":8,"minecraft:coal":74,"minecraft:cobblestone":88},"minecraft:crafted":{"minecraft:stone_shovel":1,"minecraft:fishing_rod":1,"minecraft:cooked_porkchop":9,"minecraft:crafting_table":1,"minecraft:spruce_planks":36,"minecraft:wooden_pickaxe":2,"minecraft:cooked_salmon":4,"minecraft:stone_axe":1,"minecraft:air":0,"minecraft:shield":1,"minecraft:stick":12,"minecraft:iron_ingot":1,"minecraft:stone_pickaxe":1,"minecraft:stone_sword":1,"minecraft:spruce_boat":1,"minecraft:cooked_rabbit":1},"minecraft:used":{"minecraft:diorite":5,"minecraft:stone_sword":93,"minecraft:stone_pickaxe":98,"minecraft:stone_shovel":4,"minecraft:wooden_pickaxe":3,"minecraft:shield":18,"minecraft:cooked_salmon":4,"minecraft:dirt":7,"minecraft:white_carpet":3,"minecraft:crafting_table":4,"minecraft:red_bed":2,"minecraft:redstone_torch":1,"minecraft:spruce_boat":4,"minecraft:gravel":2,"minecraft:stone_axe":47,"minecraft:fishing_rod":6,"minecraft:cobblestone":31},"minecraft:killed":{"jeg:ghoul":3,"minecraft:pig":5,"minecraft:salmon":4,"minecraft:rabbit":1,"minecraft:spider":7,"jeg:boo":1,"minecraft:skeleton":5,"minecraft:zombie":10},"minecraft:dropped":{"minecraft:cooked_porkchop":1,"minecraft:white_carpet":6,"minecraft:red_bed":1,"minecraft:wooden_pickaxe":1,"minecraft:string":2,"minecraft:spruce_sapling":1},"minecraft:mined":{"jeg:scrap_ore":1,"minecraft:red_bed":2,"minecraft:crafting_table":4,"minecraft:granite":1,"minecraft:grass_block":2,"minecraft:cobblestone":4,"minecraft:spruce_leaves":18,"minecraft:sugar_cane":2,"minecraft:diorite":3,"minecraft:large_fern":1,"minecraft:furnace":1,"minecraft:redstone_torch":1,"minecraft:iron_ore":9,"minecraft:ice":1,"minecraft:white_carpet":9,"minecraft:spruce_log":37,"minecraft:coal_ore":21,"minecraft:gravel":4,"minecraft:dirt":8,"minecraft:stone":61,"minecraft:oak_leaves":3},"minecraft:custom":{"minecraft:interact_with_furnace":14,"minecraft:mob_kills":34,"minecraft:interact_with_crafting_table":10,"minecraft:leave_game":1,"minecraft:time_since_death":4382,"minecraft:sleep_in_bed":3,"minecraft:time_since_rest":4405,"minecraft:sprint_one_cm":112149,"minecraft:damage_taken":1720,"minecraft:walk_one_cm":119771,"minecraft:damage_blocked_by_shield":1210,"minecraft:drop":6,"minecraft:damage_dealt":4869,"minecraft:swim_one_cm":14182,"minecraft:fly_one_cm":100104,"minecraft:open_chest":1,"minecraft:crouch_one_cm":7117,"minecraft:play_time":62199,"minecraft:deaths":5,"minecraft:sneak_time":2015,"minecraft:walk_under_water_one_cm":13493,"minecraft:boat_one_cm":495249,"minecraft:jump":680,"minecraft:walk_on_water_one_cm":34619,"minecraft:total_world_time":62199,"minecraft:fish_caught":2,"minecraft:fall_one_cm":11225}},"DataVersion":3120}