{"stats":{"minecraft:killed_by":{"minecraft:skeleton":1,"mimicer:mimicer":1},"minecraft:picked_up":{"minecraft:crafting_table":5,"minecraft:salmon":4,"minecraft:gunpowder":4,"minecraft:string":2,"minecraft:dirt":14,"minecraft:red_bed":2,"minecraft:white_carpet":9,"minecraft:bone":4,"minecraft:spruce_planks":4,"minecraft:stone_pickaxe":2,"minecraft:redstone_torch":1,"minecraft:rabbit":1,"minecraft:sugar_cane":8,"minecraft:furnace":1,"minecraft:stick":8,"minecraft:raw_iron":7,"minecraft:gravel":5,"minecraft:porkchop":10,"minecraft:spruce_sapling":13,"minecraft:diorite":7,"minecraft:spruce_log":97,"minecraft:spider_eye":1,"minecraft:stone_sword":2,"minecraft:arrow":3,"minecraft:stone_shovel":2,"minecraft:rotten_flesh":4,"minecraft:spruce_boat":3,"minecraft:stone_axe":2,"minecraft:granite":3,"minecraft:golden_apple":1,"minecraft:coal":23,"minecraft:cobblestone":54},"minecraft:crafted":{"minecraft:stone_shovel":1,"minecraft:cooked_porkchop":9,"minecraft:crafting_table":1,"minecraft:spruce_planks":32,"minecraft:wooden_pickaxe":2,"minecraft:cooked_salmon":4,"minecraft:stone_axe":1,"minecraft:air":0,"minecraft:shield":1,"minecraft:stick":8,"minecraft:iron_ingot":1,"minecraft:stone_pickaxe":1,"minecraft:stone_sword":1,"minecraft:spruce_boat":1,"minecraft:cooked_rabbit":1},"minecraft:used":{"minecraft:diorite":5,"minecraft:stone_sword":33,"minecraft:stone_pickaxe":80,"minecraft:stone_shovel":4,"minecraft:shield":6,"minecraft:wooden_pickaxe":3,"minecraft:cooked_salmon":3,"minecraft:dirt":7,"minecraft:white_carpet":3,"minecraft:crafting_table":3,"minecraft:red_bed":1,"minecraft:redstone_torch":1,"minecraft:spruce_boat":4,"minecraft:gravel":2,"minecraft:stone_axe":43,"minecraft:cobblestone":20},"minecraft:killed":{"minecraft:pig":5,"minecraft:salmon":4,"minecraft:rabbit":1,"minecraft:spider":2,"minecraft:skeleton":3,"minecraft:zombie":2},"minecraft:dropped":{"minecraft:cooked_porkchop":1,"minecraft:white_carpet":6,"minecraft:wooden_pickaxe":1,"minecraft:spruce_sapling":1},"minecraft:mined":{"minecraft:red_bed":2,"minecraft:crafting_table":3,"minecraft:granite":1,"minecraft:grass_block":2,"minecraft:cobblestone":4,"minecraft:spruce_leaves":18,"minecraft:sugar_cane":2,"minecraft:diorite":3,"minecraft:large_fern":1,"minecraft:furnace":1,"minecraft:iron_ore":5,"minecraft:redstone_torch":1,"minecraft:ice":1,"minecraft:white_carpet":9,"minecraft:spruce_log":37,"minecraft:coal_ore":21,"minecraft:gravel":4,"minecraft:dirt":8,"minecraft:stone":48},"minecraft:custom":{"minecraft:interact_with_furnace":14,"minecraft:mob_kills":18,"minecraft:interact_with_crafting_table":9,"minecraft:time_since_death":24294,"minecraft:sleep_in_bed":3,"minecraft:time_since_rest":19729,"minecraft:sprint_one_cm":74482,"minecraft:damage_taken":715,"minecraft:walk_one_cm":76406,"minecraft:damage_blocked_by_shield":260,"minecraft:drop":4,"minecraft:damage_dealt":2092,"minecraft:swim_one_cm":9295,"minecraft:fly_one_cm":49963,"minecraft:open_chest":1,"minecraft:crouch_one_cm":7086,"minecraft:play_time":39091,"minecraft:deaths":2,"minecraft:sneak_time":1925,"minecraft:walk_under_water_one_cm":9441,"minecraft:boat_one_cm":333916,"minecraft:jump":426,"minecraft:walk_on_water_one_cm":13002,"minecraft:total_world_time":39091,"minecraft:fall_one_cm":8225}},"DataVersion":3120}