{"stats":{"minecraft:killed_by":{"minecraft:skeleton":2,"minecraft:creeper":2,"cave_dweller:cave_dweller":1,"mimicer:mimicer":3},"minecraft:broken":{"minecraft:stone_pickaxe":1,"minecraft:stone_sword":1},"minecraft:picked_up":{"minecraft:fishing_rod":5,"minecraft:crafting_table":7,"minecraft:clay_ball":4,"minecraft:andesite":10,"minecraft:salmon":4,"minecraft:cooked_rabbit":4,"jeg:scrap":157,"minecraft:shield":6,"minecraft:gunpowder":18,"minecraft:dirt":38,"minecraft:string":28,"minecraft:red_bed":3,"jeg:grenade":1,"minecraft:cooked_salmon":2,"minecraft:white_carpet":9,"minecraft:bone":49,"minecraft:bow":1,"minecraft:spruce_planks":19,"minecraft:stone_pickaxe":9,"minecraft:redstone_torch":1,"minecraft:rabbit":1,"minecraft:sugar_cane":56,"jeg:tech_trash":4,"minecraft:furnace":2,"minecraft:stick":13,"minecraft:raw_iron":154,"minecraft:cooked_porkchop":47,"minecraft:torch":66,"minecraft:gravel":17,"minecraft:porkchop":10,"minecraft:spruce_sapling":37,"minecraft:diorite":15,"minecraft:white_bed":2,"minecraft:spruce_log":256,"minecraft:spider_eye":23,"minecraft:stone_sword":7,"jeg:healing_talisman":16,"minecraft:arrow":54,"minecraft:rotten_flesh":110,"minecraft:stone_shovel":8,"jeg:ectoplasm":40,"minecraft:spruce_boat":10,"minecraft:stone_axe":8,"minecraft:granite":11,"minecraft:golden_apple":7,"minecraft:cod":14,"minecraft:coal":177,"minecraft:cobblestone":232},"minecraft:crafted":{"minecraft:stone_shovel":1,"minecraft:fishing_rod":1,"minecraft:cooked_porkchop":9,"minecraft:crafting_table":1,"minecraft:spruce_planks":48,"minecraft:wooden_pickaxe":2,"minecraft:cooked_salmon":4,"minecraft:stone_axe":1,"minecraft:air":0,"minecraft:shield":1,"minecraft:stick":40,"minecraft:iron_ingot":1,"minecraft:stone_pickaxe":3,"minecraft:stone_sword":1,"minecraft:spruce_boat":1,"minecraft:torch":76,"minecraft:cooked_rabbit":1},"minecraft:used":{"minecraft:diorite":9,"minecraft:stone_sword":132,"minecraft:stone_pickaxe":242,"minecraft:stone_shovel":5,"minecraft:wooden_pickaxe":3,"minecraft:shield":35,"minecraft:cooked_salmon":4,"minecraft:torch":12,"minecraft:dirt":7,"minecraft:white_carpet":3,"minecraft:crafting_table":4,"minecraft:red_bed":2,"minecraft:white_bed":2,"jeg:grenade":1,"minecraft:redstone_torch":1,"minecraft:spruce_boat":4,"jeg:healing_talisman":4,"minecraft:gravel":2,"minecraft:stone_axe":50,"minecraft:fishing_rod":6,"minecraft:cobblestone":31,"minecraft:cooked_porkchop":1,"minecraft:cooked_rabbit":1,"minecraft:andesite":5},"minecraft:killed":{"jeg:ghoul":4,"minecraft:pig":5,"minecraft:salmon":4,"minecraft:rabbit":1,"minecraft:spider":10,"minecraft:creeper":1,"jeg:boo":1,"minecraft:skeleton":11,"minecraft:zombie":12},"minecraft:dropped":{"minecraft:cooked_porkchop":1,"minecraft:white_carpet":6,"minecraft:clay_ball":4,"minecraft:red_bed":1,"jeg:healing_talisman":1,"minecraft:wooden_pickaxe":1,"minecraft:string":2,"minecraft:spruce_sapling":1},"minecraft:mined":{"minecraft:white_bed":1,"jeg:scrap_ore":17,"minecraft:red_bed":2,"minecraft:clay":1,"minecraft:crafting_table":4,"minecraft:granite":2,"minecraft:grass_block":2,"minecraft:cobblestone":4,"minecraft:spruce_leaves":18,"minecraft:sugar_cane":2,"minecraft:diorite":3,"minecraft:wall_torch":1,"minecraft:large_fern":1,"minecraft:furnace":1,"minecraft:redstone_torch":1,"minecraft:iron_ore":47,"minecraft:fire":1,"minecraft:ice":1,"minecraft:white_carpet":9,"minecraft:spruce_log":37,"minecraft:andesite":5,"minecraft:coal_ore":70,"minecraft:gravel":4,"minecraft:dirt":8,"minecraft:stone":95,"minecraft:oak_leaves":3},"minecraft:custom":{"minecraft:interact_with_furnace":14,"minecraft:mob_kills":48,"minecraft:interact_with_crafting_table":16,"minecraft:leave_game":1,"minecraft:time_since_death":1699,"minecraft:sleep_in_bed":4,"minecraft:time_since_rest":1722,"minecraft:sprint_one_cm":153691,"minecraft:damage_taken":2755,"minecraft:walk_one_cm":186228,"minecraft:damage_blocked_by_shield":1910,"minecraft:drop":11,"minecraft:damage_dealt":7017,"minecraft:swim_one_cm":14182,"minecraft:fly_one_cm":194587,"minecraft:open_chest":1,"minecraft:crouch_one_cm":14452,"minecraft:play_time":86199,"minecraft:deaths":8,"minecraft:sneak_time":4945,"minecraft:walk_under_water_one_cm":16902,"minecraft:boat_one_cm":495249,"minecraft:jump":979,"minecraft:walk_on_water_one_cm":40905,"minecraft:total_world_time":86199,"minecraft:fish_caught":2,"minecraft:fall_one_cm":19730}},"DataVersion":3120}