{"stats":{"minecraft:killed_by":{"minecraft:skeleton":1,"mimicer:mimicer":1},"minecraft:picked_up":{"minecraft:crafting_table":5,"minecraft:salmon":4,"minecraft:gunpowder":4,"minecraft:string":2,"minecraft:dirt":14,"minecraft:red_bed":2,"minecraft:white_carpet":9,"minecraft:bone":4,"minecraft:spruce_planks":4,"minecraft:stone_pickaxe":2,"minecraft:redstone_torch":1,"minecraft:rabbit":1,"minecraft:sugar_cane":8,"minecraft:stick":8,"minecraft:raw_iron":3,"minecraft:gravel":5,"minecraft:porkchop":10,"minecraft:spruce_sapling":13,"minecraft:diorite":7,"minecraft:spruce_log":97,"minecraft:stone_sword":2,"minecraft:arrow":3,"minecraft:stone_shovel":2,"minecraft:rotten_flesh":4,"minecraft:spruce_boat":2,"minecraft:stone_axe":2,"minecraft:granite":3,"minecraft:coal":6,"minecraft:cobblestone":49},"minecraft:crafted":{"minecraft:stone_shovel":1,"minecraft:cooked_porkchop":1,"minecraft:crafting_table":1,"minecraft:spruce_planks":32,"minecraft:wooden_pickaxe":2,"minecraft:stone_axe":1,"minecraft:air":0,"minecraft:shield":1,"minecraft:stick":8,"minecraft:iron_ingot":1,"minecraft:stone_pickaxe":1,"minecraft:stone_sword":1,"minecraft:spruce_boat":1},"minecraft:used":{"minecraft:diorite":5,"minecraft:stone_sword":29,"minecraft:stone_pickaxe":55,"minecraft:stone_shovel":4,"minecraft:shield":6,"minecraft:wooden_pickaxe":3,"minecraft:dirt":7,"minecraft:white_carpet":3,"minecraft:crafting_table":3,"minecraft:red_bed":1,"minecraft:redstone_torch":1,"minecraft:spruce_boat":3,"minecraft:gravel":2,"minecraft:stone_axe":43,"minecraft:cobblestone":20},"minecraft:killed":{"minecraft:pig":5,"minecraft:salmon":4,"minecraft:rabbit":1,"minecraft:spider":1,"minecraft:skeleton":3,"minecraft:zombie":2},"minecraft:dropped":{"minecraft:cooked_porkchop":1,"minecraft:white_carpet":6,"minecraft:wooden_pickaxe":1,"minecraft:spruce_sapling":1},"minecraft:mined":{"minecraft:red_bed":2,"minecraft:crafting_table":3,"minecraft:granite":1,"minecraft:grass_block":2,"minecraft:cobblestone":4,"minecraft:spruce_leaves":18,"minecraft:sugar_cane":2,"minecraft:diorite":3,"minecraft:large_fern":1,"minecraft:iron_ore":1,"minecraft:redstone_torch":1,"minecraft:ice":1,"minecraft:white_carpet":9,"minecraft:spruce_log":37,"minecraft:coal_ore":6,"minecraft:gravel":4,"minecraft:dirt":8,"minecraft:stone":43},"minecraft:custom":{"minecraft:interact_with_furnace":7,"minecraft:mob_kills":17,"minecraft:interact_with_crafting_table":9,"minecraft:time_since_death":12294,"minecraft:sleep_in_bed":3,"minecraft:time_since_rest":7729,"minecraft:sprint_one_cm":74400,"minecraft:damage_taken":575,"minecraft:walk_one_cm":66266,"minecraft:damage_blocked_by_shield":260,"minecraft:drop":4,"minecraft:damage_dealt":1932,"minecraft:swim_one_cm":8401,"minecraft:fly_one_cm":49624,"minecraft:open_chest":1,"minecraft:crouch_one_cm":5495,"minecraft:play_time":27091,"minecraft:deaths":2,"minecraft:sneak_time":1362,"minecraft:walk_under_water_one_cm":4238,"minecraft:boat_one_cm":130352,"minecraft:jump":372,"minecraft:walk_on_water_one_cm":680,"minecraft:total_world_time":27091,"minecraft:fall_one_cm":8225}},"DataVersion":3120}