{"stats":{"minecraft:picked_up":{"minecraft:stick":2,"minecraft:spruce_sapling":1,"minecraft:spruce_log":5,"minecraft:dirt":7,"minecraft:cobblestone":6},"minecraft:crafted":{"minecraft:crafting_table":1,"minecraft:spruce_planks":20,"minecraft:stick":4,"minecraft:wooden_pickaxe":2,"minecraft:stone_pickaxe":1},"minecraft:used":{"minecraft:dirt":3,"minecraft:crafting_table":1,"minecraft:stone_pickaxe":6,"minecraft:wooden_pickaxe":3},"minecraft:dropped":{"minecraft:wooden_pickaxe":1},"minecraft:mined":{"minecraft:grass_block":1,"minecraft:dirt":5,"minecraft:spruce_leaves":5,"minecraft:spruce_log":5,"minecraft:stone":9},"minecraft:custom":{"minecraft:time_since_rest":3091,"minecraft:open_chest":1,"minecraft:crouch_one_cm":32,"minecraft:play_time":3091,"minecraft:walk_one_cm":8344,"minecraft:sneak_time":43,"minecraft:drop":1,"minecraft:jump":37,"minecraft:time_since_death":3091,"minecraft:total_world_time":3091,"minecraft:interact_with_crafting_table":2}},"DataVersion":3120}