{"stats":{"minecraft:killed_by":{"minecraft:skeleton":1,"mimicer:mimicer":1},"minecraft:picked_up":{"minecraft:raw_iron":2,"minecraft:stick":8,"minecraft:crafting_table":3,"minecraft:gravel":1,"minecraft:porkchop":1,"minecraft:spruce_sapling":9,"minecraft:gunpowder":2,"minecraft:diorite":7,"minecraft:spruce_log":67,"minecraft:dirt":10,"minecraft:stone_sword":1,"minecraft:white_carpet":7,"minecraft:arrow":2,"minecraft:bone":2,"minecraft:stone_shovel":1,"minecraft:stone_axe":1,"minecraft:stone_pickaxe":1,"minecraft:granite":2,"minecraft:redstone_torch":1,"minecraft:coal":6,"minecraft:cobblestone":49},"minecraft:crafted":{"minecraft:stone_shovel":1,"minecraft:crafting_table":1,"minecraft:spruce_planks":24,"minecraft:stick":8,"minecraft:wooden_pickaxe":2,"minecraft:stone_pickaxe":1,"minecraft:stone_sword":1,"minecraft:stone_axe":1},"minecraft:used":{"minecraft:redstone_torch":1,"minecraft:diorite":5,"minecraft:stone_sword":9,"minecraft:stone_shovel":4,"minecraft:stone_pickaxe":55,"minecraft:wooden_pickaxe":3,"minecraft:stone_axe":34,"minecraft:dirt":7,"minecraft:cobblestone":20,"minecraft:white_carpet":1,"minecraft:crafting_table":2},"minecraft:killed":{"minecraft:skeleton":1,"minecraft:pig":1},"minecraft:dropped":{"minecraft:white_carpet":6,"minecraft:wooden_pickaxe":1,"minecraft:spruce_sapling":1},"minecraft:mined":{"minecraft:large_fern":1,"minecraft:redstone_torch":1,"minecraft:iron_ore":1,"minecraft:white_carpet":9,"minecraft:spruce_log":37,"minecraft:crafting_table":2,"minecraft:granite":1,"minecraft:grass_block":2,"minecraft:coal_ore":6,"minecraft:dirt":7,"minecraft:cobblestone":4,"minecraft:spruce_leaves":18,"minecraft:stone":43,"minecraft:diorite":3},"minecraft:custom":{"minecraft:time_since_rest":322,"minecraft:sprint_one_cm":32331,"minecraft:damage_taken":495,"minecraft:walk_one_cm":40367,"minecraft:mob_kills":2,"minecraft:drop":3,"minecraft:damage_dealt":423,"minecraft:swim_one_cm":1514,"minecraft:interact_with_crafting_table":4,"minecraft:fly_one_cm":34603,"minecraft:open_chest":1,"minecraft:crouch_one_cm":3692,"minecraft:play_time":15091,"minecraft:deaths":2,"minecraft:sneak_time":1042,"minecraft:walk_under_water_one_cm":920,"minecraft:jump":272,"minecraft:walk_on_water_one_cm":154,"minecraft:time_since_death":294,"minecraft:sleep_in_bed":1,"minecraft:total_world_time":15091,"minecraft:fall_one_cm":7807}},"DataVersion":3120}