{"stats":{"minecraft:killed_by":{"minecraft:skeleton":2,"minecraft:creeper":2,"cave_dweller:cave_dweller":2,"mimicer:mimicer":4},"minecraft:broken":{"minecraft:stone_pickaxe":1,"minecraft:stone_sword":1},"minecraft:picked_up":{"minecraft:birch_log":12,"minecraft:fishing_rod":8,"minecraft:crafting_table":7,"minecraft:clay_ball":4,"minecraft:andesite":10,"minecraft:salmon":4,"minecraft:cooked_rabbit":4,"minecraft:flint":2,"jeg:scrap":283,"minecraft:shield":9,"minecraft:gunpowder":32,"minecraft:string":52,"minecraft:dirt":46,"minecraft:red_bed":3,"jeg:grenade":1,"minecraft:raw_copper":4,"minecraft:cooked_salmon":2,"minecraft:white_carpet":9,"minecraft:bone":88,"jeg:revolver":4,"minecraft:bow":1,"minecraft:spruce_planks":19,"minecraft:iron_ingot":59,"minecraft:stone_pickaxe":15,"minecraft:redstone_torch":1,"minecraft:rabbit":1,"minecraft:sugar_cane":80,"jeg:tech_trash":10,"minecraft:furnace":4,"minecraft:stick":25,"minecraft:raw_iron":174,"minecraft:cooked_porkchop":62,"minecraft:copper_ingot":2,"jeg:pistol_ammo":5,"minecraft:torch":249,"minecraft:gravel":49,"minecraft:porkchop":10,"minecraft:spruce_sapling":49,"minecraft:diorite":15,"minecraft:white_bed":4,"minecraft:spruce_log":316,"minecraft:spider_eye":38,"jeg:handmade_shell":10,"minecraft:stone_sword":10,"jeg:healing_talisman":36,"minecraft:arrow":99,"minecraft:stone_shovel":9,"minecraft:rotten_flesh":132,"jeg:ectoplasm":61,"minecraft:spruce_boat":13,"minecraft:stone_axe":11,"minecraft:granite":17,"minecraft:golden_apple":10,"minecraft:coal":177,"minecraft:cod":20,"minecraft:cobblestone":352},"minecraft:crafted":{"minecraft:stone_shovel":1,"minecraft:fishing_rod":1,"minecraft:cooked_porkchop":9,"minecraft:crafting_table":1,"minecraft:spruce_planks":64,"minecraft:wooden_pickaxe":2,"minecraft:cooked_salmon":4,"minecraft:copper_ingot":4,"minecraft:stone_axe":1,"minecraft:air":0,"minecraft:shield":1,"minecraft:stick":40,"minecraft:iron_ingot":44,"minecraft:stone_pickaxe":3,"minecraft:stone_sword":2,"minecraft:spruce_boat":1,"minecraft:torch":76,"minecraft:cooked_rabbit":1},"minecraft:used":{"minecraft:diorite":9,"minecraft:stone_sword":156,"minecraft:stone_pickaxe":252,"cave_dweller:cave_dweller_spawn_egg":93,"minecraft:stone_shovel":6,"minecraft:wooden_pickaxe":3,"minecraft:shield":35,"minecraft:cooked_salmon":4,"minecraft:torch":16,"minecraft:dirt":7,"minecraft:white_carpet":3,"minecraft:crafting_table":4,"minecraft:red_bed":2,"minecraft:white_bed":2,"minecraft:cod":4,"jeg:grenade":1,"minecraft:redstone_torch":1,"minecraft:spruce_boat":4,"jeg:healing_talisman":4,"minecraft:gravel":36,"minecraft:stone_axe":59,"minecraft:fishing_rod":6,"minecraft:cobblestone":71,"minecraft:cooked_porkchop":1,"jeg:revolver":5,"minecraft:cooked_rabbit":1,"minecraft:andesite":5},"minecraft:killed":{"jeg:ghoul":9,"minecraft:pig":5,"minecraft:salmon":4,"minecraft:spider":10,"minecraft:rabbit":1,"minecraft:creeper":1,"jeg:boo":1,"minecraft:skeleton":11,"minecraft:zombie":13},"minecraft:dropped":{"minecraft:cooked_porkchop":1,"minecraft:white_carpet":6,"minecraft:clay_ball":4,"minecraft:red_bed":1,"jeg:healing_talisman":1,"minecraft:wooden_pickaxe":1,"minecraft:string":2,"jeg:handmade_shell":10,"minecraft:spruce_sapling":1},"minecraft:mined":{"minecraft:white_bed":2,"jeg:scrap_ore":17,"minecraft:red_bed":2,"minecraft:clay":1,"minecraft:granite":2,"minecraft:crafting_table":4,"minecraft:grass_block":2,"minecraft:copper_ore":1,"minecraft:cobblestone":7,"minecraft:spruce_leaves":18,"minecraft:sugar_cane":2,"minecraft:diorite":3,"minecraft:wall_torch":1,"minecraft:large_fern":1,"minecraft:furnace":2,"minecraft:iron_ore":47,"minecraft:birch_log":6,"minecraft:redstone_torch":1,"minecraft:fire":1,"minecraft:ice":1,"minecraft:white_carpet":9,"minecraft:spruce_log":37,"minecraft:birch_leaves":2,"minecraft:andesite":5,"minecraft:coal_ore":70,"minecraft:gravel":38,"minecraft:dirt":8,"minecraft:stone":100,"minecraft:oak_leaves":3},"minecraft:custom":{"minecraft:interact_with_furnace":34,"minecraft:mob_kills":53,"minecraft:interact_with_crafting_table":18,"minecraft:leave_game":2,"minecraft:time_since_death":12229,"minecraft:sleep_in_bed":4,"minecraft:time_since_rest":13489,"minecraft:sprint_one_cm":197317,"minecraft:damage_taken":3225,"minecraft:walk_one_cm":245703,"minecraft:damage_blocked_by_shield":1910,"minecraft:drop":13,"minecraft:damage_dealt":8628,"minecraft:swim_one_cm":16582,"minecraft:fly_one_cm":508865,"minecraft:open_chest":1,"minecraft:crouch_one_cm":16340,"minecraft:play_time":134038,"minecraft:deaths":11,"minecraft:sneak_time":7565,"minecraft:walk_under_water_one_cm":20349,"minecraft:boat_one_cm":495249,"minecraft:jump":1424,"minecraft:walk_on_water_one_cm":49957,"minecraft:total_world_time":134038,"minecraft:fish_caught":2,"minecraft:fall_one_cm":34533}},"DataVersion":3120}