{"stats":{"minecraft:killed_by":{"minecraft:skeleton":2,"minecraft:creeper":1,"cave_dweller:cave_dweller":1,"mimicer:mimicer":3},"minecraft:picked_up":{"minecraft:fishing_rod":4,"minecraft:crafting_table":7,"minecraft:andesite":10,"minecraft:salmon":4,"minecraft:cooked_rabbit":4,"jeg:scrap":58,"minecraft:shield":5,"minecraft:gunpowder":14,"minecraft:dirt":34,"minecraft:string":20,"minecraft:red_bed":3,"minecraft:cooked_salmon":2,"minecraft:white_carpet":9,"minecraft:bone":31,"minecraft:spruce_planks":19,"minecraft:stone_pickaxe":7,"minecraft:redstone_torch":1,"minecraft:rabbit":1,"minecraft:sugar_cane":48,"minecraft:furnace":2,"minecraft:stick":8,"minecraft:raw_iron":97,"minecraft:cooked_porkchop":40,"minecraft:gravel":15,"minecraft:porkchop":10,"minecraft:spruce_sapling":33,"minecraft:diorite":15,"minecraft:white_bed":2,"minecraft:spruce_log":232,"minecraft:spider_eye":18,"minecraft:stone_sword":7,"jeg:healing_talisman":15,"minecraft:arrow":33,"minecraft:rotten_flesh":110,"minecraft:stone_shovel":7,"jeg:ectoplasm":33,"minecraft:spruce_boat":9,"minecraft:stone_axe":7,"minecraft:granite":8,"minecraft:golden_apple":6,"minecraft:cod":12,"minecraft:coal":148,"minecraft:cobblestone":160},"minecraft:crafted":{"minecraft:stone_shovel":1,"minecraft:fishing_rod":1,"minecraft:cooked_porkchop":9,"minecraft:crafting_table":1,"minecraft:spruce_planks":48,"minecraft:wooden_pickaxe":2,"minecraft:cooked_salmon":4,"minecraft:stone_axe":1,"minecraft:air":0,"minecraft:shield":1,"minecraft:stick":40,"minecraft:iron_ingot":1,"minecraft:stone_pickaxe":1,"minecraft:stone_sword":1,"minecraft:spruce_boat":1,"minecraft:cooked_rabbit":1},"minecraft:used":{"minecraft:diorite":5,"minecraft:stone_sword":114,"minecraft:stone_pickaxe":164,"minecraft:stone_shovel":4,"minecraft:wooden_pickaxe":3,"minecraft:shield":29,"minecraft:cooked_salmon":4,"minecraft:dirt":7,"minecraft:white_carpet":3,"minecraft:crafting_table":4,"minecraft:red_bed":2,"minecraft:white_bed":2,"minecraft:redstone_torch":1,"minecraft:spruce_boat":4,"jeg:healing_talisman":4,"minecraft:gravel":2,"minecraft:stone_axe":47,"minecraft:fishing_rod":6,"minecraft:cobblestone":31,"minecraft:cooked_rabbit":1},"minecraft:killed":{"jeg:ghoul":3,"minecraft:pig":5,"minecraft:salmon":4,"minecraft:rabbit":1,"minecraft:spider":8,"jeg:boo":1,"minecraft:skeleton":7,"minecraft:zombie":12},"minecraft:dropped":{"minecraft:cooked_porkchop":1,"minecraft:white_carpet":6,"minecraft:red_bed":1,"minecraft:wooden_pickaxe":1,"minecraft:string":2,"minecraft:spruce_sapling":1},"minecraft:mined":{"minecraft:white_bed":1,"jeg:scrap_ore":1,"minecraft:red_bed":2,"minecraft:crafting_table":4,"minecraft:granite":1,"minecraft:grass_block":2,"minecraft:cobblestone":4,"minecraft:spruce_leaves":18,"minecraft:sugar_cane":2,"minecraft:diorite":3,"minecraft:large_fern":1,"minecraft:furnace":1,"minecraft:redstone_torch":1,"minecraft:iron_ore":34,"minecraft:fire":1,"minecraft:ice":1,"minecraft:white_carpet":9,"minecraft:spruce_log":37,"minecraft:andesite":5,"minecraft:coal_ore":41,"minecraft:gravel":4,"minecraft:dirt":8,"minecraft:stone":77,"minecraft:oak_leaves":3},"minecraft:custom":{"minecraft:interact_with_furnace":14,"minecraft:mob_kills":40,"minecraft:interact_with_crafting_table":11,"minecraft:leave_game":1,"minecraft:time_since_death":636,"minecraft:sleep_in_bed":4,"minecraft:time_since_rest":661,"minecraft:sprint_one_cm":133169,"minecraft:damage_taken":2290,"minecraft:walk_one_cm":150656,"minecraft:damage_blocked_by_shield":1660,"minecraft:drop":6,"minecraft:damage_dealt":5786,"minecraft:swim_one_cm":14182,"minecraft:fly_one_cm":166120,"minecraft:open_chest":1,"minecraft:crouch_one_cm":10907,"minecraft:play_time":74199,"minecraft:deaths":7,"minecraft:sneak_time":3430,"minecraft:walk_under_water_one_cm":13493,"minecraft:boat_one_cm":495249,"minecraft:jump":800,"minecraft:walk_on_water_one_cm":34727,"minecraft:total_world_time":74199,"minecraft:fish_caught":2,"minecraft:fall_one_cm":14337}},"DataVersion":3120}