{"stats":{"minecraft:killed_by":{"minecraft:skeleton":1,"cave_dweller:cave_dweller":1,"mimicer:mimicer":2},"minecraft:picked_up":{"minecraft:fishing_rod":1,"minecraft:crafting_table":7,"minecraft:salmon":4,"minecraft:cooked_rabbit":2,"jeg:scrap":6,"minecraft:shield":2,"minecraft:gunpowder":8,"minecraft:string":4,"minecraft:dirt":22,"minecraft:red_bed":3,"minecraft:cooked_salmon":2,"minecraft:white_carpet":9,"minecraft:bone":10,"minecraft:spruce_planks":10,"minecraft:stone_pickaxe":4,"minecraft:redstone_torch":1,"minecraft:rabbit":1,"minecraft:sugar_cane":24,"minecraft:furnace":2,"minecraft:stick":8,"minecraft:raw_iron":23,"minecraft:cooked_porkchop":16,"minecraft:gravel":9,"minecraft:porkchop":10,"minecraft:spruce_sapling":21,"minecraft:diorite":7,"minecraft:spruce_log":151,"minecraft:spider_eye":6,"jeg:healing_talisman":6,"minecraft:stone_sword":4,"minecraft:arrow":9,"minecraft:stone_shovel":4,"minecraft:rotten_flesh":37,"jeg:ectoplasm":9,"minecraft:spruce_boat":6,"minecraft:stone_axe":4,"minecraft:granite":5,"minecraft:golden_apple":3,"minecraft:cod":6,"minecraft:coal":57,"minecraft:cobblestone":68},"minecraft:crafted":{"minecraft:stone_shovel":1,"minecraft:fishing_rod":1,"minecraft:cooked_porkchop":9,"minecraft:crafting_table":1,"minecraft:spruce_planks":36,"minecraft:wooden_pickaxe":2,"minecraft:cooked_salmon":4,"minecraft:stone_axe":1,"minecraft:air":0,"minecraft:shield":1,"minecraft:stick":12,"minecraft:iron_ingot":1,"minecraft:stone_pickaxe":1,"minecraft:stone_sword":1,"minecraft:spruce_boat":1,"minecraft:cooked_rabbit":1},"minecraft:used":{"minecraft:diorite":5,"minecraft:stone_sword":68,"minecraft:stone_pickaxe":85,"minecraft:stone_shovel":4,"minecraft:shield":10,"minecraft:wooden_pickaxe":3,"minecraft:cooked_salmon":3,"minecraft:dirt":7,"minecraft:white_carpet":3,"minecraft:crafting_table":4,"minecraft:red_bed":2,"minecraft:redstone_torch":1,"minecraft:spruce_boat":4,"minecraft:gravel":2,"minecraft:stone_axe":47,"minecraft:fishing_rod":6,"minecraft:cobblestone":20},"minecraft:killed":{"jeg:ghoul":3,"minecraft:pig":5,"minecraft:salmon":4,"minecraft:rabbit":1,"minecraft:spider":3,"jeg:boo":1,"minecraft:skeleton":4,"minecraft:zombie":8},"minecraft:dropped":{"minecraft:cooked_porkchop":1,"minecraft:white_carpet":6,"minecraft:red_bed":1,"minecraft:wooden_pickaxe":1,"minecraft:string":2,"minecraft:spruce_sapling":1},"minecraft:mined":{"jeg:scrap_ore":1,"minecraft:red_bed":2,"minecraft:crafting_table":4,"minecraft:granite":1,"minecraft:grass_block":2,"minecraft:cobblestone":4,"minecraft:spruce_leaves":18,"minecraft:sugar_cane":2,"minecraft:diorite":3,"minecraft:large_fern":1,"minecraft:furnace":1,"minecraft:iron_ore":9,"minecraft:redstone_torch":1,"minecraft:ice":1,"minecraft:white_carpet":9,"minecraft:spruce_log":37,"minecraft:coal_ore":21,"minecraft:gravel":4,"minecraft:dirt":8,"minecraft:stone":48,"minecraft:oak_leaves":3},"minecraft:custom":{"minecraft:interact_with_furnace":14,"minecraft:mob_kills":28,"minecraft:interact_with_crafting_table":10,"minecraft:leave_game":1,"minecraft:time_since_death":646,"minecraft:sleep_in_bed":3,"minecraft:time_since_rest":677,"minecraft:sprint_one_cm":96642,"minecraft:damage_taken":1275,"minecraft:walk_one_cm":95863,"minecraft:damage_blocked_by_shield":410,"minecraft:drop":6,"minecraft:damage_dealt":3874,"minecraft:swim_one_cm":14182,"minecraft:fly_one_cm":79182,"minecraft:open_chest":1,"minecraft:crouch_one_cm":7117,"minecraft:play_time":55548,"minecraft:deaths":4,"minecraft:sneak_time":1997,"minecraft:walk_under_water_one_cm":13493,"minecraft:boat_one_cm":495249,"minecraft:jump":592,"minecraft:walk_on_water_one_cm":29404,"minecraft:total_world_time":55548,"minecraft:fish_caught":2,"minecraft:fall_one_cm":9971}},"DataVersion":3120}